test_point_id,mode,k0_bytes,k1_bytes,config,sm_split_k0,sm_split_k1,blocks_k0,blocks_k1,threads_per_block,trials,reuse_N,wall_ms_median,agg_GBps_median,k0_GBps_median,k1_GBps_median,gpu_clock_mhz,power_mode,soc_temp_c,cuda_version,driver_version
reuse32_sym_32768,symmetric,32768,32768,shared,16,16,512,128,256,10,32,0.252000,24.966,19.018,12.483,1300,MAXN,54.9,13.2,13.2
reuse32_sym_32768,symmetric,32768,32768,green,8,8,128,128,256,10,32,0.261216,24.085,21.273,12.043,1300,MAXN,54.8,13.2,13.2
reuse32_sym_65536,symmetric,65536,65536,shared,16,16,1024,256,256,10,32,0.284272,44.264,29.710,22.132,1300,MAXN,54.9,13.2,13.2
reuse32_sym_65536,symmetric,65536,65536,green,8,8,128,64,256,10,32,0.259600,48.470,41.650,24.235,1300,MAXN,55.0,13.2,13.2
reuse32_sym_131072,symmetric,131072,131072,shared,16,16,1024,128,256,10,32,0.289392,86.961,57.316,43.481,1300,MAXN,54.8,13.2,13.2
reuse32_sym_131072,symmetric,131072,131072,green,8,8,256,32,256,10,32,0.284832,88.353,65.070,44.177,1300,MAXN,54.8,13.2,13.2
reuse32_sym_262144,symmetric,262144,262144,shared,16,16,2048,64,256,10,32,0.373072,134.911,79.285,67.456,1300,MAXN,54.9,13.2,13.2
reuse32_sym_262144,symmetric,262144,262144,green,8,8,128,64,256,10,32,0.316624,158.963,122.450,79.482,1300,MAXN,54.8,13.2,13.2
reuse32_sym_327680,symmetric,327680,327680,shared,16,16,2048,64,256,10,32,0.387936,162.178,95.090,81.089,1300,MAXN,54.7,13.2,13.2
reuse32_sym_327680,symmetric,327680,327680,green,8,8,1024,128,256,10,32,0.363920,172.880,94.405,86.440,1300,MAXN,54.8,13.2,13.2
reuse32_sym_393216,symmetric,393216,393216,shared,16,16,2048,128,256,10,32,0.396464,190.427,111.900,95.214,1300,MAXN,54.8,13.2,13.2
reuse32_sym_393216,symmetric,393216,393216,green,8,8,1024,128,256,10,32,0.383152,197.043,108.623,98.522,1300,MAXN,54.7,13.2,13.2
reuse32_sym_458752,symmetric,458752,458752,shared,16,16,1024,128,256,10,32,0.345664,254.815,168.762,127.408,1300,MAXN,54.9,13.2,13.2
reuse32_sym_458752,symmetric,458752,458752,green,8,8,1024,128,256,10,32,0.371776,236.918,120.297,118.525,1300,MAXN,54.9,13.2,13.2
reuse32_sym_524288,symmetric,524288,524288,shared,16,16,1024,64,256,10,32,0.358144,281.069,183.660,140.535,1300,MAXN,54.9,13.2,13.2
reuse32_sym_524288,symmetric,524288,524288,green,8,8,256,128,256,10,32,0.384528,261.784,177.775,130.892,1300,MAXN,54.8,13.2,13.2
reuse32_sym_589824,symmetric,589824,589824,shared,16,16,1024,256,256,10,32,0.446784,253.470,157.946,126.735,1300,MAXN,54.7,13.2,13.2
reuse32_sym_589824,symmetric,589824,589824,green,8,8,256,128,256,10,32,0.465088,243.494,152.679,121.747,1300,MAXN,54.8,13.2,13.2
reuse32_sym_655360,symmetric,655360,655360,shared,16,16,1024,256,256,10,32,0.481168,261.508,163.045,130.754,1300,MAXN,54.8,13.2,13.2
reuse32_sym_655360,symmetric,655360,655360,green,8,8,1024,128,256,10,32,0.627360,200.569,101.872,100.285,1300,MAXN,54.9,13.2,13.2
reuse32_sym_720896,symmetric,720896,720896,shared,16,16,512,256,256,10,32,0.549104,252.069,155.791,126.034,1300,MAXN,54.7,13.2,13.2
reuse32_sym_720896,symmetric,720896,720896,green,8,8,128,256,256,10,32,0.606544,228.198,128.445,114.099,1300,MAXN,54.8,13.2,13.2
reuse32_sym_786432,symmetric,786432,786432,shared,16,16,512,512,256,10,32,0.629872,239.723,143.974,119.862,1300,MAXN,54.7,13.2,13.2
reuse32_sym_786432,symmetric,786432,786432,green,8,8,512,256,256,10,32,0.710272,212.587,125.635,106.294,1300,MAXN,54.8,13.2,13.2
reuse32_sym_851968,symmetric,851968,851968,shared,16,16,256,512,256,10,32,0.745664,219.372,126.533,109.686,1300,MAXN,54.7,13.2,13.2
reuse32_sym_851968,symmetric,851968,851968,green,8,8,128,256,256,10,32,0.903920,180.965,103.992,90.482,1300,MAXN,54.8,13.2,13.2
reuse32_sym_917504,symmetric,917504,917504,shared,16,16,256,512,256,10,32,0.783984,224.699,128.812,112.350,1300,MAXN,54.8,13.2,13.2
reuse32_sym_917504,symmetric,917504,917504,green,8,8,256,1024,256,10,32,1.054320,167.085,95.738,83.542,1300,MAXN,54.8,13.2,13.2
reuse32_sym_983040,symmetric,983040,983040,shared,16,16,512,256,256,10,32,0.854624,220.850,125.969,110.425,1300,MAXN,54.7,13.2,13.2
reuse32_sym_983040,symmetric,983040,983040,green,8,8,64,256,256,10,32,1.095840,172.237,90.431,86.118,1300,MAXN,54.8,13.2,13.2
reuse32_sym_1048576,symmetric,1048576,1048576,shared,16,16,1024,256,256,10,32,1.059696,189.985,103.313,94.993,1300,MAXN,54.8,13.2,13.2
reuse32_sym_1048576,symmetric,1048576,1048576,green,8,8,64,128,256,10,32,1.199264,167.875,89.896,83.938,1300,MAXN,54.7,13.2,13.2
reuse32_sym_1310720,symmetric,1310720,1310720,shared,16,16,128,2048,256,10,32,1.409344,178.564,95.931,89.282,1300,MAXN,55.1,13.2,13.2
reuse32_sym_1310720,symmetric,1310720,1310720,green,8,8,1024,512,256,10,32,1.509632,166.702,93.363,83.351,1300,MAXN,55.1,13.2,13.2
reuse32_sym_1572864,symmetric,1572864,1572864,shared,16,16,256,2048,256,10,32,1.703424,177.284,96.242,88.642,1300,MAXN,55.0,13.2,13.2
reuse32_sym_1572864,symmetric,1572864,1572864,green,8,8,2048,512,256,10,32,1.846032,163.589,81.794,84.514,1300,MAXN,54.8,13.2,13.2
reuse32_sym_2097152,symmetric,2097152,2097152,shared,16,16,1024,512,256,10,32,2.198624,183.139,97.668,91.569,1300,MAXN,55.0,13.2,13.2
reuse32_sym_2097152,symmetric,2097152,2097152,green,8,8,256,512,256,10,32,2.370720,169.844,88.285,84.922,1300,MAXN,55.0,13.2,13.2
reuse32_sym_3145728,symmetric,3145728,3145728,shared,16,16,1024,1024,256,10,32,3.220784,187.526,98.169,93.763,1300,MAXN,55.0,13.2,13.2
reuse32_sym_3145728,symmetric,3145728,3145728,green,8,8,2048,1024,256,10,32,3.388976,178.219,89.223,89.133,1300,MAXN,54.8,13.2,13.2
reuse32_sym_4194304,symmetric,4194304,4194304,shared,16,16,2048,1024,256,10,32,4.288432,187.786,96.756,93.893,1300,MAXN,54.9,13.2,13.2
reuse32_sym_4194304,symmetric,4194304,4194304,green,8,8,1024,1024,256,10,32,4.445744,181.141,93.063,90.570,1300,MAXN,54.9,13.2,13.2
reuse32_sym_6291456,symmetric,6291456,6291456,shared,16,16,2048,1024,256,10,32,6.436400,187.676,96.652,93.838,1300,MAXN,55.0,13.2,13.2
reuse32_sym_6291456,symmetric,6291456,6291456,green,8,8,4096,1024,256,10,32,6.668368,181.148,90.574,94.904,1300,MAXN,54.9,13.2,13.2
reuse32_sym_12582912,symmetric,12582912,12582912,shared,16,16,4096,4096,256,10,32,12.758336,189.360,96.067,94.680,1300,MAXN,55.1,13.2,13.2
reuse32_sym_12582912,symmetric,12582912,12582912,green,8,8,4096,4096,256,10,32,12.935840,186.762,94.126,93.381,1300,MAXN,55.2,13.2,13.2
reuse32_sym_25165824,symmetric,25165824,25165824,shared,16,16,8192,8192,256,10,32,25.527344,189.281,96.062,94.640,1300,MAXN,55.0,13.2,13.2
reuse32_sym_25165824,symmetric,25165824,25165824,green,8,8,8192,8192,256,10,32,25.684944,188.119,94.924,94.060,1300,MAXN,55.2,13.2,13.2
