test_point_id,mode,k0_bytes,k1_bytes,config,sm_split_k0,sm_split_k1,blocks_k0,blocks_k1,threads_per_block,trials,plateau_reached,wall_ms_median,agg_GBps_median,k0_GBps_median,k1_GBps_median,delta_vs_shared_pct,gpu_clock_mhz,power_mode,soc_temp_c,cuda_version,driver_version
sym_32768,symmetric,32768,32768,shared,16,16,512,256,256,10,0,0.014560,13.503,10.056,6.752,0.000,1300,MAXN,52.9,13.2,13.2
sym_32768,symmetric,32768,32768,green,4,12,64,96,256,10,1,0.016416,11.977,10.685,5.988,-11.301,1300,MAXN,52.9,13.2,13.2
sym_32768,symmetric,32768,32768,green,6,10,64,80,256,10,1,0.015888,12.375,11.191,6.187,-8.354,1300,MAXN,52.7,13.2,13.2
sym_32768,symmetric,32768,32768,green,8,8,64,32,256,10,1,0.016160,12.166,11.681,6.083,-9.902,1300,MAXN,52.8,13.2,13.2
sym_32768,symmetric,32768,32768,green,10,6,80,32,256,10,1,0.015760,12.475,11.681,6.238,-7.613,1300,MAXN,52.9,13.2,13.2
sym_32768,symmetric,32768,32768,green,12,4,192,64,256,10,1,0.016512,11.907,10.991,5.953,-11.820,1300,MAXN,52.7,13.2,13.2
sym_65536,symmetric,65536,65536,shared,16,16,512,64,256,10,0,0.014288,27.521,16.972,13.760,0.000,1300,MAXN,52.7,13.2,13.2
sym_65536,symmetric,65536,65536,green,4,12,32,96,256,10,1,0.016768,23.450,20.617,11.725,-14.792,1300,MAXN,52.7,13.2,13.2
sym_65536,symmetric,65536,65536,green,6,10,64,40,256,10,1,0.016016,24.551,21.260,12.276,-10.792,1300,MAXN,52.8,13.2,13.2
sym_65536,symmetric,65536,65536,green,8,8,32,32,256,10,0,0.016112,24.405,22.423,12.203,-11.322,1300,MAXN,52.8,13.2,13.2
sym_65536,symmetric,65536,65536,green,10,6,80,32,256,10,1,0.016672,23.585,21.943,11.793,-14.302,1300,MAXN,52.8,13.2,13.2
sym_65536,symmetric,65536,65536,green,12,4,192,64,256,10,1,0.016272,24.165,22.301,12.083,-12.194,1300,MAXN,52.8,13.2,13.2
sym_131072,symmetric,131072,131072,shared,16,16,256,128,256,10,1,0.014448,54.432,39.575,27.216,0.000,1300,MAXN,52.9,13.2,13.2
sym_131072,symmetric,131072,131072,green,4,12,64,128,256,10,1,0.016432,47.860,36.409,23.930,-12.074,1300,MAXN,52.8,13.2,13.2
sym_131072,symmetric,131072,131072,green,6,10,128,128,256,10,1,0.016384,48.000,38.460,24.000,-11.817,1300,MAXN,52.8,13.2,13.2
sym_131072,symmetric,131072,131072,green,8,8,128,64,256,10,1,0.015968,49.251,40.554,24.625,-9.518,1300,MAXN,53.0,13.2,13.2
sym_131072,symmetric,131072,131072,green,10,6,64,64,256,10,1,0.016416,47.906,42.593,23.953,-11.989,1300,MAXN,53.0,13.2,13.2
sym_131072,symmetric,131072,131072,green,12,4,256,64,256,10,1,0.017056,46.109,42.154,23.054,-15.291,1300,MAXN,52.6,13.2,13.2
sym_262144,symmetric,262144,262144,shared,16,16,128,128,256,10,1,0.016064,97.912,58.306,48.956,0.000,1300,MAXN,52.7,13.2,13.2
sym_262144,symmetric,262144,262144,green,4,12,64,64,256,10,1,0.017760,88.562,52.123,44.281,-9.549,1300,MAXN,52.8,13.2,13.2
sym_262144,symmetric,262144,262144,green,6,10,512,64,256,10,1,0.017232,91.276,51.414,45.638,-6.778,1300,MAXN,53.0,13.2,13.2
sym_262144,symmetric,262144,262144,green,8,8,512,128,256,10,0,0.017344,90.686,53.252,45.343,-7.380,1300,MAXN,53.0,13.2,13.2
sym_262144,symmetric,262144,262144,green,10,6,128,64,256,10,0,0.018064,87.072,74.136,43.536,-11.071,1300,MAXN,52.9,13.2,13.2
sym_262144,symmetric,262144,262144,green,12,4,256,64,256,10,1,0.019120,82.263,64.251,41.131,-15.983,1300,MAXN,52.6,13.2,13.2
sym_524288,symmetric,524288,524288,shared,16,16,512,128,256,10,0,0.017296,181.876,113.910,90.938,0.000,1300,MAXN,53.0,13.2,13.2
sym_524288,symmetric,524288,524288,green,4,12,128,64,256,10,1,0.017920,175.543,93.179,87.771,-3.482,1300,MAXN,52.7,13.2,13.2
sym_524288,symmetric,524288,524288,green,6,10,512,128,256,10,0,0.018736,167.898,94.432,83.949,-7.685,1300,MAXN,52.9,13.2,13.2
sym_524288,symmetric,524288,524288,green,8,8,512,64,256,10,0,0.019232,163.567,105.817,81.784,-10.067,1300,MAXN,52.8,13.2,13.2
sym_524288,symmetric,524288,524288,green,10,6,256,128,256,10,1,0.025248,124.593,88.722,62.297,-31.496,1300,MAXN,53.0,13.2,13.2
sym_524288,symmetric,524288,524288,green,12,4,128,64,256,10,1,0.029168,107.849,98.897,53.924,-40.702,1300,MAXN,52.9,13.2,13.2
sym_anchor_786432,symmetric,786432,786432,shared,16,16,128,64,256,10,0,0.033120,142.470,75.735,71.235,0.000,1300,MAXN,52.7,13.2,13.2
sym_anchor_786432,symmetric,786432,786432,green,4,12,64,256,256,10,1,0.037440,126.031,63.042,71.373,-11.539,1300,MAXN,52.8,13.2,13.2
sym_anchor_786432,symmetric,786432,786432,green,6,10,256,128,256,10,1,0.030592,154.243,79.235,77.121,8.263,1300,MAXN,52.6,13.2,13.2
sym_anchor_786432,symmetric,786432,786432,green,8,8,128,256,256,10,0,0.031152,151.470,84.599,75.735,6.317,1300,MAXN,52.8,13.2,13.2
sym_anchor_786432,symmetric,786432,786432,green,10,6,64,64,256,10,1,0.037264,126.626,69.653,63.313,-11.121,1300,MAXN,52.7,13.2,13.2
sym_anchor_786432,symmetric,786432,786432,green,12,4,256,64,256,10,1,0.043344,108.864,92.681,54.432,-23.588,1300,MAXN,52.8,13.2,13.2
sym_anchor_917504,symmetric,917504,917504,shared,16,16,256,512,256,10,1,0.037152,148.176,81.881,74.088,0.000,1300,MAXN,53.0,13.2,13.2
sym_anchor_917504,symmetric,917504,917504,green,4,12,256,256,256,10,1,0.047456,116.003,58.001,70.188,-21.713,1300,MAXN,52.8,13.2,13.2
sym_anchor_917504,symmetric,917504,917504,green,6,10,512,256,256,10,1,0.043136,127.620,63.810,64.771,-13.873,1300,MAXN,52.9,13.2,13.2
sym_anchor_917504,symmetric,917504,917504,green,8,8,128,256,256,10,1,0.039728,138.568,74.927,69.284,-6.484,1300,MAXN,52.7,13.2,13.2
sym_anchor_917504,symmetric,917504,917504,green,10,6,64,64,256,10,0,0.044544,123.586,66.499,61.793,-16.595,1300,MAXN,52.8,13.2,13.2
sym_anchor_917504,symmetric,917504,917504,green,12,4,64,64,256,10,1,0.049456,111.312,98.642,55.656,-24.879,1300,MAXN,52.8,13.2,13.2
sym_1048576,symmetric,1048576,1048576,shared,16,16,512,256,256,10,1,0.042464,148.160,83.415,74.080,0.000,1300,MAXN,52.9,13.2,13.2
sym_1048576,symmetric,1048576,1048576,green,4,12,256,64,256,10,1,0.055120,114.141,57.071,73.941,-22.961,1300,MAXN,52.8,13.2,13.2
sym_1048576,symmetric,1048576,1048576,green,6,10,256,256,256,10,1,0.047904,131.335,65.667,67.125,-11.356,1300,MAXN,52.8,13.2,13.2
sym_1048576,symmetric,1048576,1048576,green,8,8,64,256,256,10,1,0.047328,132.933,68.078,66.467,-10.277,1300,MAXN,53.0,13.2,13.2
sym_1048576,symmetric,1048576,1048576,green,10,6,128,128,256,10,1,0.049728,126.517,76.950,63.259,-14.608,1300,MAXN,52.7,13.2,13.2
sym_1048576,symmetric,1048576,1048576,green,12,4,256,256,256,10,1,0.059472,105.789,93.312,52.894,-28.598,1300,MAXN,52.8,13.2,13.2
sym_1310720,symmetric,1310720,1310720,shared,16,16,128,512,256,10,1,0.050032,157.186,82.387,78.593,0.000,1300,MAXN,52.8,13.2,13.2
sym_1310720,symmetric,1310720,1310720,green,4,12,256,512,256,10,1,0.065184,120.648,60.324,81.216,-23.245,1300,MAXN,52.8,13.2,13.2
sym_1310720,symmetric,1310720,1310720,green,6,10,512,512,256,10,0,0.055040,142.884,71.442,73.669,-9.099,1300,MAXN,53.1,13.2,13.2
sym_1310720,symmetric,1310720,1310720,green,8,8,128,512,256,10,1,0.054352,144.692,76.752,72.346,-7.949,1300,MAXN,52.7,13.2,13.2
sym_1310720,symmetric,1310720,1310720,green,10,6,256,128,256,10,1,0.059056,133.167,87.118,66.584,-15.281,1300,MAXN,52.8,13.2,13.2
sym_1310720,symmetric,1310720,1310720,green,12,4,256,128,256,10,1,0.069920,112.476,101.344,56.238,-28.444,1300,MAXN,53.0,13.2,13.2
sym_1572864,symmetric,1572864,1572864,shared,16,16,128,512,256,10,1,0.058784,160.540,85.855,80.270,0.000,1300,MAXN,52.8,13.2,13.2
sym_1572864,symmetric,1572864,1572864,green,4,12,256,256,256,10,1,0.076272,123.731,61.865,86.030,-22.928,1300,MAXN,52.7,13.2,13.2
sym_1572864,symmetric,1572864,1572864,green,6,10,64,256,256,10,1,0.065376,144.352,72.176,74.435,-10.083,1300,MAXN,52.8,13.2,13.2
sym_1572864,symmetric,1572864,1572864,green,8,8,64,256,256,10,1,0.064288,146.795,73.398,74.605,-8.562,1300,MAXN,52.7,13.2,13.2
sym_1572864,symmetric,1572864,1572864,green,10,6,256,128,256,10,1,0.068032,138.717,89.124,69.358,-13.593,1300,MAXN,52.9,13.2,13.2
sym_1572864,symmetric,1572864,1572864,green,12,4,128,256,256,10,1,0.079648,118.486,104.988,59.243,-26.195,1300,MAXN,52.7,13.2,13.2
sym_1835008,symmetric,1835008,1835008,shared,16,16,1024,1024,256,10,1,0.067008,164.309,110.596,82.155,0.000,1300,MAXN,52.8,13.2,13.2
sym_1835008,symmetric,1835008,1835008,green,4,12,256,1024,256,10,1,0.087136,126.355,63.177,91.215,-23.099,1300,MAXN,52.7,13.2,13.2
sym_1835008,symmetric,1835008,1835008,green,6,10,512,1024,256,10,1,0.072896,151.038,75.519,78.914,-8.077,1300,MAXN,52.8,13.2,13.2
sym_1835008,symmetric,1835008,1835008,green,8,8,512,512,256,10,1,0.070752,155.615,80.823,77.807,-5.291,1300,MAXN,52.9,13.2,13.2
sym_1835008,symmetric,1835008,1835008,green,10,6,512,512,256,10,1,0.077840,141.445,95.706,70.722,-13.915,1300,MAXN,52.9,13.2,13.2
sym_1835008,symmetric,1835008,1835008,green,12,4,1024,256,256,10,1,0.091344,120.534,108.264,60.267,-26.642,1300,MAXN,53.1,13.2,13.2
sym_2097152,symmetric,2097152,2097152,shared,16,16,512,1024,256,10,1,0.074592,168.690,112.799,84.345,0.000,1300,MAXN,52.8,13.2,13.2
sym_2097152,symmetric,2097152,2097152,green,4,12,256,1024,256,10,1,0.097904,128.523,64.261,94.569,-23.811,1300,MAXN,52.7,13.2,13.2
sym_2097152,symmetric,2097152,2097152,green,6,10,512,1024,256,10,1,0.082016,153.420,76.710,81.445,-9.052,1300,MAXN,52.8,13.2,13.2
sym_2097152,symmetric,2097152,2097152,green,8,8,1024,512,256,10,1,0.079424,158.427,80.610,79.214,-6.084,1300,MAXN,52.7,13.2,13.2
sym_2097152,symmetric,2097152,2097152,green,10,6,1024,512,256,10,1,0.086160,146.041,94.728,73.021,-13.426,1300,MAXN,52.9,13.2,13.2
sym_2097152,symmetric,2097152,2097152,green,12,4,1024,256,256,10,1,0.102272,123.034,110.859,61.517,-27.065,1300,MAXN,53.0,13.2,13.2
sym_2359296,symmetric,2359296,2359296,shared,16,16,1024,1024,256,10,1,0.083360,169.815,120.932,84.907,0.000,1300,MAXN,52.9,13.2,13.2
sym_2359296,symmetric,2359296,2359296,green,4,12,256,1024,256,10,1,0.109440,129.347,64.674,97.761,-23.831,1300,MAXN,52.9,13.2,13.2
sym_2359296,symmetric,2359296,2359296,green,6,10,512,1024,256,10,1,0.091664,154.431,77.216,84.068,-9.059,1300,MAXN,52.9,13.2,13.2
sym_2359296,symmetric,2359296,2359296,green,8,8,1024,512,256,10,1,0.087536,161.714,82.148,80.857,-4.770,1300,MAXN,52.8,13.2,13.2
sym_2359296,symmetric,2359296,2359296,green,10,6,256,512,256,10,1,0.095056,148.920,96.904,74.460,-12.305,1300,MAXN,53.0,13.2,13.2
sym_2359296,symmetric,2359296,2359296,green,12,4,1024,256,256,10,0,0.112384,125.959,115.622,62.979,-25.826,1300,MAXN,52.9,13.2,13.2
sym_3145728,symmetric,3145728,3145728,shared,16,16,1024,1024,256,10,1,0.107408,175.726,133.747,87.863,0.000,1300,MAXN,52.9,13.2,13.2
sym_3145728,symmetric,3145728,3145728,green,4,12,256,1024,256,10,1,0.141568,133.324,66.662,106.640,-24.130,1300,MAXN,52.8,13.2,13.2
sym_3145728,symmetric,3145728,3145728,green,6,10,512,512,256,10,1,0.118848,158.811,79.405,92.160,-9.626,1300,MAXN,52.7,13.2,13.2
sym_3145728,symmetric,3145728,3145728,green,8,8,256,1024,256,10,1,0.112192,168.233,85.606,84.116,-4.264,1300,MAXN,53.0,13.2,13.2
sym_3145728,symmetric,3145728,3145728,green,10,6,256,512,256,10,1,0.122656,153.881,100.140,76.940,-12.431,1300,MAXN,52.9,13.2,13.2
sym_3145728,symmetric,3145728,3145728,green,12,4,1024,256,256,10,1,0.145792,129.461,120.372,64.730,-26.328,1300,MAXN,52.8,13.2,13.2
sym_4194304,symmetric,4194304,4194304,shared,16,16,1024,1024,256,10,1,0.141616,177.705,140.484,88.852,0.000,1300,MAXN,52.8,13.2,13.2
sym_4194304,symmetric,4194304,4194304,green,4,12,1024,1024,256,10,1,0.191552,131.379,65.689,115.009,-26.069,1300,MAXN,52.8,13.2,13.2
sym_4194304,symmetric,4194304,4194304,green,6,10,1024,1024,256,10,1,0.155680,161.651,80.825,98.243,-9.034,1300,MAXN,53.2,13.2,13.2
sym_4194304,symmetric,4194304,4194304,green,8,8,1024,1024,256,10,1,0.145792,172.615,87.449,86.307,-2.864,1300,MAXN,52.8,13.2,13.2
sym_4194304,symmetric,4194304,4194304,green,10,6,1024,1024,256,10,1,0.159760,157.523,106.375,78.761,-11.357,1300,MAXN,52.8,13.2,13.2
sym_4194304,symmetric,4194304,4194304,green,12,4,1024,1024,256,10,1,0.195504,128.723,126.051,64.361,-27.564,1300,MAXN,52.9,13.2,13.2
sym_6291456,symmetric,6291456,6291456,shared,16,16,1024,1024,256,10,1,0.206720,182.608,152.409,91.304,0.000,1300,MAXN,52.8,13.2,13.2
sym_6291456,symmetric,6291456,6291456,green,4,12,256,256,256,10,1,0.273984,137.777,68.889,118.308,-24.550,1300,MAXN,52.8,13.2,13.2
sym_6291456,symmetric,6291456,6291456,green,6,10,1024,1024,256,10,1,0.227472,165.949,82.974,103.414,-9.123,1300,MAXN,52.8,13.2,13.2
sym_6291456,symmetric,6291456,6291456,green,8,8,1024,1024,256,10,0,0.210320,179.482,90.464,89.741,-1.712,1300,MAXN,53.0,13.2,13.2
sym_6291456,symmetric,6291456,6291456,green,10,6,1024,1024,256,10,1,0.230880,163.499,111.183,81.750,-10.464,1300,MAXN,53.0,13.2,13.2
sym_6291456,symmetric,6291456,6291456,green,12,4,512,256,256,10,1,0.280784,134.440,127.364,67.220,-26.378,1300,MAXN,52.7,13.2,13.2
sym_12582912,symmetric,12582912,12582912,shared,16,16,1024,1024,256,10,1,0.405104,186.366,165.344,93.183,0.000,1300,MAXN,52.8,13.2,13.2
sym_12582912,symmetric,12582912,12582912,green,4,12,256,256,256,10,1,0.535312,141.035,70.517,128.306,-24.324,1300,MAXN,53.0,13.2,13.2
sym_12582912,symmetric,12582912,12582912,green,6,10,1024,256,256,10,1,0.442240,170.716,85.358,105.458,-8.397,1300,MAXN,52.7,13.2,13.2
sym_12582912,symmetric,12582912,12582912,green,8,8,1024,1024,256,10,1,0.410176,184.061,92.558,92.031,-1.237,1300,MAXN,53.1,13.2,13.2
sym_12582912,symmetric,12582912,12582912,green,10,6,256,1024,256,10,1,0.446464,169.101,108.433,84.550,-9.264,1300,MAXN,52.9,13.2,13.2
sym_12582912,symmetric,12582912,12582912,green,12,4,256,512,256,10,1,0.540368,139.715,131.848,69.857,-25.032,1300,MAXN,52.9,13.2,13.2
sym_25165824,symmetric,25165824,25165824,shared,16,16,512,512,256,10,1,0.800640,188.593,162.352,94.296,0.000,1300,MAXN,52.9,13.2,13.2
sym_25165824,symmetric,25165824,25165824,green,4,12,1024,256,256,10,1,1.055808,143.014,71.507,132.989,-24.168,1300,MAXN,52.8,13.2,13.2
sym_25165824,symmetric,25165824,25165824,green,6,10,1024,256,256,10,1,0.872576,173.045,86.523,108.651,-8.244,1300,MAXN,53.0,13.2,13.2
sym_25165824,symmetric,25165824,25165824,green,8,8,256,512,256,10,1,0.822048,183.681,91.841,93.751,-2.605,1300,MAXN,53.2,13.2,13.2
sym_25165824,symmetric,25165824,25165824,green,10,6,512,1024,256,10,1,0.877760,172.023,115.615,86.012,-8.786,1300,MAXN,53.1,13.2,13.2
sym_25165824,symmetric,25165824,25165824,green,12,4,256,1024,256,10,1,1.060288,142.409,135.529,71.205,-24.489,1300,MAXN,53.0,13.2,13.2
asym_65536,asymmetric,1048576,65536,shared,16,16,512,128,256,10,0,0.016640,200.862,201.031,11.815,0.000,1300,MAXN,52.9,13.2,13.2
asym_65536,asymmetric,1048576,65536,green,12,4,128,64,256,10,1,0.017312,193.065,198.594,11.357,-3.882,1300,MAXN,52.9,13.2,13.2
asym_65536,asymmetric,1048576,65536,green,14,2,128,32,256,10,0,0.018240,183.242,192.376,10.779,-8.772,1300,MAXN,53.0,13.2,13.2
asym_131072,asymmetric,1048576,131072,shared,16,16,512,128,256,10,1,0.015472,228.732,231.304,25.415,0.000,1300,MAXN,52.9,13.2,13.2
asym_131072,asymmetric,1048576,131072,green,12,4,128,64,256,10,0,0.018304,193.343,204.587,21.483,-15.472,1300,MAXN,52.9,13.2,13.2
asym_131072,asymmetric,1048576,131072,green,14,2,256,64,256,10,1,0.022720,155.763,152.883,17.307,-31.902,1300,MAXN,53.2,13.2,13.2
asym_262144,asymmetric,1048576,262144,shared,16,16,512,256,256,10,0,0.024944,157.640,131.598,31.528,0.000,1300,MAXN,53.0,13.2,13.2
asym_262144,asymmetric,1048576,262144,green,10,6,512,256,256,10,0,0.026848,146.460,117.168,30.643,-7.092,1300,MAXN,53.1,13.2,13.2
asym_262144,asymmetric,1048576,262144,green,12,4,512,64,256,10,1,0.023808,165.161,143.196,33.032,4.771,1300,MAXN,52.9,13.2,13.2
asym_262144,asymmetric,1048576,262144,green,14,2,128,64,256,10,1,0.031216,125.966,153.961,25.193,-20.093,1300,MAXN,52.8,13.2,13.2
asym_524288,asymmetric,1048576,524288,shared,16,16,256,512,256,10,1,0.029632,159.240,110.828,53.080,0.000,1300,MAXN,53.1,13.2,13.2
asym_524288,asymmetric,1048576,524288,green,8,8,256,256,256,10,1,0.032752,144.070,98.550,49.177,-9.527,1300,MAXN,53.1,13.2,13.2
asym_524288,asymmetric,1048576,524288,green,10,6,512,64,256,10,1,0.032784,143.930,101.922,47.977,-9.614,1300,MAXN,53.1,13.2,13.2
asym_524288,asymmetric,1048576,524288,green,12,4,128,64,256,10,1,0.038736,121.814,99.247,40.605,-23.503,1300,MAXN,52.8,13.2,13.2
asym_1048576,asymmetric,1048576,1048576,shared,16,16,256,512,256,10,1,0.041664,151.005,81.546,75.502,0.000,1300,MAXN,52.9,13.2,13.2
asym_1048576,asymmetric,1048576,1048576,green,6,10,512,256,256,10,0,0.047632,132.085,66.042,67.470,-12.529,1300,MAXN,52.9,13.2,13.2
asym_1048576,asymmetric,1048576,1048576,green,8,8,64,512,256,10,1,0.046608,134.987,68.457,67.609,-10.608,1300,MAXN,53.1,13.2,13.2
asym_1048576,asymmetric,1048576,1048576,green,10,6,128,64,256,10,1,0.049744,126.477,76.382,63.238,-16.243,1300,MAXN,52.8,13.2,13.2
asym_1572864,asymmetric,1048576,1572864,shared,16,16,128,256,256,10,1,0.050864,154.615,71.442,92.769,0.000,1300,MAXN,52.8,13.2,13.2
asym_1572864,asymmetric,1048576,1572864,green,4,12,256,512,256,10,1,0.060048,130.967,52.387,86.510,-15.295,1300,MAXN,52.9,13.2,13.2
asym_1572864,asymmetric,1048576,1572864,green,6,10,64,512,256,10,0,0.054080,145.420,59.524,87.252,-5.947,1300,MAXN,52.8,13.2,13.2
asym_1572864,asymmetric,1048576,1572864,green,8,8,64,512,256,10,1,0.056032,140.354,61.943,84.212,-9.224,1300,MAXN,53.0,13.2,13.2
asym_anchor_2097152,asymmetric,1048576,2097152,shared,16,16,512,1024,256,10,1,0.058096,162.441,84.490,108.294,0.000,1300,MAXN,52.7,13.2,13.2
asym_anchor_2097152,asymmetric,1048576,2097152,green,4,12,256,512,256,10,1,0.065120,144.920,48.307,97.864,-10.786,1300,MAXN,52.8,13.2,13.2
asym_anchor_2097152,asymmetric,1048576,2097152,green,6,10,64,512,256,10,1,0.063088,149.588,56.578,99.725,-7.912,1300,MAXN,53.2,13.2,13.2
asym_anchor_2097152,asymmetric,1048576,2097152,green,8,8,256,512,256,10,1,0.067456,139.901,67.890,93.268,-13.876,1300,MAXN,53.1,13.2,13.2
asym_2621440,asymmetric,1048576,2621440,shared,16,16,512,1024,256,10,1,0.066400,165.814,83.592,118.439,0.000,1300,MAXN,53.0,13.2,13.2
asym_2621440,asymmetric,1048576,2621440,green,2,14,128,1024,256,10,1,0.098000,112.347,32.099,116.007,-32.245,1300,MAXN,53.0,13.2,13.2
asym_2621440,asymmetric,1048576,2621440,green,4,12,256,256,256,10,1,0.073424,149.952,43.440,107.108,-9.566,1300,MAXN,52.9,13.2,13.2
asym_2621440,asymmetric,1048576,2621440,green,6,10,128,1024,256,10,1,0.073424,149.952,55.696,107.108,-9.566,1300,MAXN,52.9,13.2,13.2
asym_3145728,asymmetric,1048576,3145728,shared,16,16,256,1024,256,10,0,0.074832,168.149,79.631,126.112,0.000,1300,MAXN,52.8,13.2,13.2
asym_3145728,asymmetric,1048576,3145728,green,2,14,128,1024,256,10,1,0.101872,123.517,30.879,121.338,-26.543,1300,MAXN,52.9,13.2,13.2
asym_3145728,asymmetric,1048576,3145728,green,4,12,512,1024,256,10,1,0.080688,155.945,39.872,116.959,-7.258,1300,MAXN,52.9,13.2,13.2
asym_3145728,asymmetric,1048576,3145728,green,6,10,128,1024,256,10,1,0.081872,153.690,56.840,115.268,-8.599,1300,MAXN,52.9,13.2,13.2
asym_4194304,asymmetric,1048576,4194304,shared,16,16,512,1024,256,10,1,0.091360,172.161,81.716,137.729,0.000,1300,MAXN,52.8,13.2,13.2
asym_4194304,asymmetric,1048576,4194304,green,2,14,128,1024,256,10,1,0.111712,140.796,28.159,129.262,-18.218,1300,MAXN,52.9,13.2,13.2
asym_4194304,asymmetric,1048576,4194304,green,4,12,128,1024,256,10,1,0.097248,161.737,38.453,129.390,-6.055,1300,MAXN,52.9,13.2,13.2
asym_4194304,asymmetric,1048576,4194304,green,6,10,64,1024,256,10,1,0.099696,157.766,55.134,126.213,-8.361,1300,MAXN,52.8,13.2,13.2
asym_6291456,asymmetric,1048576,6291456,shared,16,16,128,1024,256,10,1,0.124656,176.647,69.596,151.412,0.000,1300,MAXN,52.9,13.2,13.2
asym_6291456,asymmetric,1048576,6291456,green,2,14,64,1024,256,10,1,0.135712,162.256,23.179,141.123,-8.147,1300,MAXN,52.8,13.2,13.2
asym_6291456,asymmetric,1048576,6291456,green,4,12,64,1024,256,10,0,0.132272,166.476,38.348,142.694,-5.758,1300,MAXN,52.8,13.2,13.2
