size_per_buffer_bytes,read_footprint_bytes,total_footprint_bytes,reuse_N,blocks,threads_per_block,saturated,trials,time_ms_median,time_ms_min,time_ms_max,time_ms_std,per_launch_ms_median,achieved_GBps_median,gpu_clock_mhz,power_mode,soc_temp_c,cuda_version,driver_version
32768,65536,98304,1,16,256,0,10,0.007840,0.007200,0.011104,0.001346,0.007840,12.539,1300,MAXN,50.8,13.2,13.2
32768,65536,98304,1,32,256,1,10,0.007488,0.007040,0.009504,0.000947,0.007488,13.128,1300,MAXN,50.8,13.2,13.2
32768,65536,98304,1,64,256,1,10,0.007504,0.005792,0.009792,0.001058,0.007504,13.100,1300,MAXN,50.8,13.2,13.2
32768,65536,98304,1,128,256,0,10,0.007664,0.007264,0.009504,0.000718,0.007664,12.827,1300,MAXN,50.8,13.2,13.2
32768,65536,98304,1,256,256,0,10,0.007968,0.007520,0.009248,0.000558,0.007968,12.337,1300,MAXN,50.8,13.2,13.2
32768,65536,98304,1,512,256,0,10,0.008448,0.007968,0.011680,0.001178,0.008448,11.636,1300,MAXN,50.8,13.2,13.2
32768,65536,98304,1,1024,256,0,10,0.009744,0.009344,0.012960,0.001327,0.009744,10.089,1300,MAXN,50.8,13.2,13.2
32768,65536,98304,2,16,256,0,10,0.012624,0.010816,0.015072,0.001386,0.006312,15.574,1300,MAXN,50.8,13.2,13.2
32768,65536,98304,2,32,256,0,10,0.012640,0.010976,0.034688,0.006853,0.006320,15.554,1300,MAXN,50.8,13.2,13.2
32768,65536,98304,2,64,256,0,10,0.012272,0.011168,0.018592,0.002133,0.006136,16.021,1300,MAXN,50.8,13.2,13.2
32768,65536,98304,2,128,256,1,10,0.012000,0.011168,0.016288,0.001518,0.006000,16.384,1300,MAXN,50.8,13.2,13.2
32768,65536,98304,2,256,256,0,10,0.012704,0.011808,0.023648,0.003306,0.006352,15.476,1300,MAXN,50.8,13.2,13.2
32768,65536,98304,2,512,256,0,10,0.013888,0.012192,0.019936,0.002061,0.006944,14.157,1300,MAXN,50.8,13.2,13.2
32768,65536,98304,2,1024,256,0,10,0.015680,0.015104,0.018624,0.001141,0.007840,12.539,1300,MAXN,50.8,13.2,13.2
32768,65536,98304,4,16,256,0,10,0.020816,0.018976,0.023456,0.001226,0.005204,18.890,1300,MAXN,50.8,13.2,13.2
32768,65536,98304,4,32,256,1,10,0.020112,0.018720,0.032128,0.003736,0.005028,19.551,1300,MAXN,50.8,13.2,13.2
32768,65536,98304,4,64,256,1,10,0.020272,0.018624,0.028864,0.002758,0.005068,19.397,1300,MAXN,50.8,13.2,13.2
32768,65536,98304,4,128,256,1,10,0.020128,0.018656,0.025440,0.001822,0.005032,19.536,1300,MAXN,50.8,13.2,13.2
32768,65536,98304,4,256,256,0,10,0.021456,0.019680,0.029088,0.002492,0.005364,18.327,1300,MAXN,50.8,13.2,13.2
32768,65536,98304,4,512,256,0,10,0.023456,0.021280,0.026144,0.001480,0.005864,16.764,1300,MAXN,50.8,13.2,13.2
32768,65536,98304,4,1024,256,0,10,0.027232,0.026432,0.030464,0.001090,0.006808,14.439,1300,MAXN,50.8,13.2,13.2
32768,65536,98304,8,16,256,0,10,0.035312,0.034496,0.041024,0.001873,0.004414,22.271,1300,MAXN,50.8,13.2,13.2
32768,65536,98304,8,32,256,1,10,0.034624,0.033824,0.040832,0.001918,0.004328,22.713,1300,MAXN,50.8,13.2,13.2
32768,65536,98304,8,64,256,1,10,0.034464,0.033376,0.037696,0.001406,0.004308,22.819,1300,MAXN,50.8,13.2,13.2
32768,65536,98304,8,128,256,1,10,0.034400,0.033184,0.037792,0.001192,0.004300,22.861,1300,MAXN,50.8,13.2,13.2
32768,65536,98304,8,256,256,0,10,0.037600,0.035840,0.071328,0.010217,0.004700,20.916,1300,MAXN,50.8,13.2,13.2
32768,65536,98304,8,512,256,0,10,0.042640,0.041696,0.046304,0.001296,0.005330,18.444,1300,MAXN,50.8,13.2,13.2
32768,65536,98304,8,1024,256,0,10,0.050048,0.049632,0.053664,0.001115,0.006256,15.714,1300,MAXN,50.8,13.2,13.2
32768,65536,98304,16,16,256,0,10,0.065648,0.065184,0.072320,0.002033,0.004103,23.959,1300,MAXN,50.8,13.2,13.2
32768,65536,98304,16,32,256,1,10,0.062064,0.058976,0.063680,0.001469,0.003879,25.343,1300,MAXN,50.8,13.2,13.2
32768,65536,98304,16,64,256,1,10,0.062544,0.058368,0.119136,0.017165,0.003909,25.148,1300,MAXN,50.8,13.2,13.2
32768,65536,98304,16,128,256,0,10,0.065056,0.062784,0.073152,0.002914,0.004066,24.177,1300,MAXN,50.8,13.2,13.2
32768,65536,98304,16,256,256,0,10,0.069616,0.067456,0.073152,0.001781,0.004351,22.593,1300,MAXN,50.8,13.2,13.2
32768,65536,98304,16,512,256,0,10,0.079168,0.077472,0.082976,0.001499,0.004948,19.867,1300,MAXN,50.8,13.2,13.2
32768,65536,98304,16,1024,256,0,10,0.097408,0.096544,0.101824,0.001464,0.006088,16.147,1300,MAXN,50.8,13.2,13.2
32768,65536,98304,32,16,256,0,10,0.128352,0.125952,0.131584,0.001630,0.004011,24.509,1300,MAXN,50.8,13.2,13.2
32768,65536,98304,32,32,256,1,10,0.121280,0.116064,0.122912,0.001963,0.003790,25.938,1300,MAXN,50.8,13.2,13.2
32768,65536,98304,32,64,256,1,10,0.121104,0.118208,0.122848,0.001505,0.003784,25.975,1300,MAXN,50.8,13.2,13.2
32768,65536,98304,32,128,256,0,10,0.123840,0.120512,0.146592,0.007105,0.003870,25.402,1300,MAXN,50.8,13.2,13.2
32768,65536,98304,32,256,256,0,10,0.135264,0.133280,0.139616,0.001901,0.004227,23.256,1300,MAXN,50.8,13.2,13.2
32768,65536,98304,32,512,256,0,10,0.153680,0.152288,0.158944,0.002144,0.004802,20.469,1300,MAXN,50.8,13.2,13.2
32768,65536,98304,32,1024,256,0,10,0.192096,0.190400,0.195776,0.001372,0.006003,16.376,1300,MAXN,50.8,13.2,13.2
65536,131072,196608,1,16,256,0,10,0.008112,0.007392,0.009920,0.000668,0.008112,24.237,1300,MAXN,50.8,13.2,13.2
65536,131072,196608,1,32,256,1,10,0.007472,0.006592,0.008608,0.000484,0.007472,26.313,1300,MAXN,50.8,13.2,13.2
65536,131072,196608,1,64,256,1,10,0.007472,0.007200,0.008704,0.000425,0.007472,26.313,1300,MAXN,50.8,13.2,13.2
65536,131072,196608,1,128,256,1,10,0.007568,0.006720,0.008800,0.000488,0.007568,25.979,1300,MAXN,50.8,13.2,13.2
65536,131072,196608,1,256,256,1,10,0.007536,0.007392,0.009120,0.000550,0.007536,26.089,1300,MAXN,50.8,13.2,13.2
65536,131072,196608,1,512,256,0,10,0.008208,0.007936,0.009504,0.000426,0.008208,23.953,1300,MAXN,50.8,13.2,13.2
65536,131072,196608,1,1024,256,0,10,0.009680,0.009312,0.012672,0.000931,0.009680,20.311,1300,MAXN,50.8,13.2,13.2
65536,131072,196608,2,16,256,0,10,0.012992,0.012288,0.013376,0.000339,0.006496,30.266,1300,MAXN,50.8,13.2,13.2
65536,131072,196608,2,32,256,0,10,0.012064,0.011296,0.019680,0.002441,0.006032,32.594,1300,MAXN,50.8,13.2,13.2
65536,131072,196608,2,64,256,1,10,0.011776,0.010880,0.012672,0.000629,0.005888,33.391,1300,MAXN,50.8,13.2,13.2
65536,131072,196608,2,128,256,1,10,0.011872,0.011104,0.015808,0.001292,0.005936,33.121,1300,MAXN,50.8,13.2,13.2
65536,131072,196608,2,256,256,0,10,0.012480,0.012032,0.015744,0.001119,0.006240,31.508,1300,MAXN,50.8,13.2,13.2
65536,131072,196608,2,512,256,0,10,0.013472,0.012864,0.018240,0.001802,0.006736,29.188,1300,MAXN,50.8,13.2,13.2
65536,131072,196608,2,1024,256,0,10,0.015504,0.015232,0.017056,0.000516,0.007752,25.362,1300,MAXN,50.8,13.2,13.2
65536,131072,196608,4,16,256,0,10,0.020480,0.019904,0.026016,0.001684,0.005120,38.400,1300,MAXN,50.8,13.2,13.2
65536,131072,196608,4,32,256,0,10,0.019632,0.018816,0.023328,0.001257,0.004908,40.059,1300,MAXN,50.8,13.2,13.2
65536,131072,196608,4,64,256,1,10,0.018784,0.017888,0.023552,0.001567,0.004696,41.867,1300,MAXN,50.8,13.2,13.2
65536,131072,196608,4,128,256,0,10,0.019296,0.018176,0.024160,0.001595,0.004824,40.756,1300,MAXN,50.8,13.2,13.2
65536,131072,196608,4,256,256,0,10,0.020688,0.019776,0.024288,0.001226,0.005172,38.014,1300,MAXN,50.8,13.2,13.2
65536,131072,196608,4,512,256,0,10,0.022736,0.022176,0.026880,0.001308,0.005684,34.590,1300,MAXN,50.8,13.2,13.2
65536,131072,196608,4,1024,256,0,10,0.027664,0.026656,0.031232,0.001201,0.006916,28.428,1300,MAXN,50.8,13.2,13.2
65536,131072,196608,8,16,256,0,10,0.037680,0.036736,0.045568,0.002496,0.004710,41.743,1300,MAXN,50.8,13.2,13.2
65536,131072,196608,8,32,256,0,10,0.035296,0.033664,0.059008,0.007199,0.004412,44.562,1300,MAXN,50.8,13.2,13.2
65536,131072,196608,8,64,256,1,10,0.034144,0.031808,0.035840,0.001078,0.004268,46.066,1300,MAXN,50.8,13.2,13.2
65536,131072,196608,8,128,256,1,10,0.034704,0.033632,0.040064,0.001693,0.004338,45.322,1300,MAXN,50.8,13.2,13.2
65536,131072,196608,8,256,256,0,10,0.038064,0.037280,0.051968,0.004313,0.004758,41.322,1300,MAXN,50.8,13.2,13.2
65536,131072,196608,8,512,256,0,10,0.042288,0.041088,0.043840,0.000774,0.005286,37.194,1300,MAXN,50.8,13.2,13.2
65536,131072,196608,8,1024,256,0,10,0.051696,0.050656,0.053664,0.000757,0.006462,30.425,1300,MAXN,50.8,13.2,13.2
65536,131072,196608,16,16,256,0,10,0.071296,0.069728,0.074528,0.001302,0.004456,44.122,1300,MAXN,50.8,13.2,13.2
65536,131072,196608,16,32,256,1,10,0.066464,0.064896,0.085024,0.005712,0.004154,47.330,1300,MAXN,50.8,13.2,13.2
65536,131072,196608,16,64,256,1,10,0.066736,0.064704,0.076576,0.003116,0.004171,47.137,1300,MAXN,50.8,13.2,13.2
65536,131072,196608,16,128,256,1,10,0.067424,0.065248,0.068320,0.001015,0.004214,46.656,1300,MAXN,50.8,13.2,13.2
65536,131072,196608,16,256,256,0,10,0.070976,0.069024,0.076576,0.002070,0.004436,44.321,1300,MAXN,50.8,13.2,13.2
65536,131072,196608,16,512,256,0,10,0.080848,0.078848,0.083008,0.001106,0.005053,38.909,1300,MAXN,50.8,13.2,13.2
65536,131072,196608,16,1024,256,0,10,0.100400,0.099712,0.101088,0.000434,0.006275,31.332,1300,MAXN,50.8,13.2,13.2
65536,131072,196608,32,16,256,0,10,0.137536,0.135808,0.139456,0.000994,0.004298,45.744,1300,MAXN,50.8,13.2,13.2
65536,131072,196608,32,32,256,1,10,0.132032,0.129120,0.136160,0.001920,0.004126,47.651,1300,MAXN,50.8,13.2,13.2
65536,131072,196608,32,64,256,1,10,0.129440,0.127104,0.131488,0.001321,0.004045,48.605,1300,MAXN,50.8,13.2,13.2
65536,131072,196608,32,128,256,1,10,0.130064,0.128576,0.131392,0.000759,0.004065,48.372,1300,MAXN,50.8,13.2,13.2
65536,131072,196608,32,256,256,0,10,0.138128,0.136512,0.159968,0.006609,0.004316,45.548,1300,MAXN,50.8,13.2,13.2
65536,131072,196608,32,512,256,0,10,0.155584,0.152512,0.159008,0.002075,0.004862,40.438,1300,MAXN,50.8,13.2,13.2
65536,131072,196608,32,1024,256,0,10,0.194800,0.193472,0.198368,0.001700,0.006088,32.297,1300,MAXN,50.8,13.2,13.2
131072,262144,393216,1,16,256,0,10,0.008544,0.008288,0.011520,0.000923,0.008544,46.022,1300,MAXN,50.8,13.2,13.2
131072,262144,393216,1,32,256,0,10,0.007952,0.007616,0.011488,0.001087,0.007952,49.449,1300,MAXN,50.8,13.2,13.2
131072,262144,393216,1,64,256,1,10,0.007808,0.007104,0.011488,0.001254,0.007808,50.361,1300,MAXN,50.8,13.2,13.2
131072,262144,393216,1,128,256,1,10,0.007744,0.007424,0.008608,0.000321,0.007744,50.777,1300,MAXN,50.8,13.2,13.2
131072,262144,393216,1,256,256,0,10,0.008064,0.007776,0.008576,0.000266,0.008064,48.762,1300,MAXN,50.8,13.2,13.2
131072,262144,393216,1,512,256,0,10,0.008448,0.008064,0.010144,0.000565,0.008448,46.545,1300,MAXN,50.8,13.2,13.2
131072,262144,393216,1,1024,256,0,10,0.010016,0.009376,0.012000,0.000772,0.010016,39.259,1300,MAXN,50.8,13.2,13.2
131072,262144,393216,2,16,256,0,10,0.013536,0.012992,0.017120,0.001165,0.006768,58.099,1300,MAXN,50.8,13.2,13.2
131072,262144,393216,2,32,256,0,10,0.012976,0.012608,0.013472,0.000250,0.006488,60.607,1300,MAXN,50.8,13.2,13.2
131072,262144,393216,2,64,256,1,10,0.012496,0.011328,0.014560,0.000991,0.006248,62.935,1300,MAXN,50.8,13.2,13.2
131072,262144,393216,2,128,256,1,10,0.012432,0.011872,0.014592,0.000707,0.006216,63.259,1300,MAXN,50.8,13.2,13.2
131072,262144,393216,2,256,256,0,10,0.012704,0.011968,0.013632,0.000382,0.006352,61.904,1300,MAXN,50.8,13.2,13.2
131072,262144,393216,2,512,256,0,10,0.013632,0.013088,0.017632,0.001313,0.006816,57.690,1300,MAXN,50.8,13.2,13.2
131072,262144,393216,2,1024,256,0,10,0.015840,0.014688,0.020544,0.001599,0.007920,49.648,1300,MAXN,50.8,13.2,13.2
131072,262144,393216,4,16,256,0,10,0.023024,0.022592,0.025472,0.000848,0.005756,68.314,1300,MAXN,50.8,13.2,13.2
131072,262144,393216,4,32,256,0,10,0.020880,0.020000,0.024256,0.001255,0.005220,75.329,1300,MAXN,50.8,13.2,13.2
131072,262144,393216,4,64,256,1,10,0.020128,0.019552,0.026016,0.001824,0.005032,78.143,1300,MAXN,50.8,13.2,13.2
131072,262144,393216,4,128,256,0,10,0.020832,0.019904,0.024032,0.001080,0.005208,75.502,1300,MAXN,50.8,13.2,13.2
131072,262144,393216,4,256,256,0,10,0.020816,0.020128,0.026624,0.001816,0.005204,75.560,1300,MAXN,50.8,13.2,13.2
131072,262144,393216,4,512,256,0,10,0.023952,0.023200,0.028320,0.001385,0.005988,65.667,1300,MAXN,50.8,13.2,13.2
131072,262144,393216,4,1024,256,0,10,0.028112,0.027552,0.029632,0.000592,0.007028,55.950,1300,MAXN,50.8,13.2,13.2
131072,262144,393216,8,16,256,0,10,0.042192,0.041280,0.047008,0.001683,0.005274,74.557,1300,MAXN,50.8,13.2,13.2
131072,262144,393216,8,32,256,1,10,0.038464,0.037344,0.057024,0.005614,0.004808,81.784,1300,MAXN,50.8,13.2,13.2
131072,262144,393216,8,64,256,1,10,0.038224,0.036672,0.042240,0.001761,0.004778,82.297,1300,MAXN,50.8,13.2,13.2
131072,262144,393216,8,128,256,1,10,0.038544,0.036640,0.049888,0.003855,0.004818,81.614,1300,MAXN,50.8,13.2,13.2
131072,262144,393216,8,256,256,0,10,0.039072,0.037568,0.042496,0.001711,0.004884,80.511,1300,MAXN,50.8,13.2,13.2
131072,262144,393216,8,512,256,0,10,0.043408,0.042432,0.045856,0.000897,0.005426,72.469,1300,MAXN,50.8,13.2,13.2
131072,262144,393216,8,1024,256,0,10,0.052992,0.051904,0.054464,0.000794,0.006624,59.362,1300,MAXN,50.8,13.2,13.2
131072,262144,393216,16,16,256,0,10,0.081968,0.080384,0.096096,0.004488,0.005123,76.755,1300,MAXN,50.8,13.2,13.2
131072,262144,393216,16,32,256,0,10,0.073744,0.071584,0.074432,0.000854,0.004609,85.315,1300,MAXN,50.8,13.2,13.2
131072,262144,393216,16,64,256,1,10,0.070288,0.068800,0.083200,0.004207,0.004393,89.510,1300,MAXN,50.8,13.2,13.2
131072,262144,393216,16,128,256,0,10,0.072544,0.069760,0.074912,0.001267,0.004534,86.726,1300,MAXN,50.8,13.2,13.2
131072,262144,393216,16,256,256,0,10,0.074400,0.072480,0.076896,0.001146,0.004650,84.563,1300,MAXN,50.8,13.2,13.2
131072,262144,393216,16,512,256,0,10,0.082944,0.081888,0.088288,0.001843,0.005184,75.852,1300,MAXN,50.8,13.2,13.2
131072,262144,393216,16,1024,256,0,10,0.103872,0.100352,0.107872,0.002178,0.006492,60.569,1300,MAXN,50.8,13.2,13.2
131072,262144,393216,32,16,256,0,10,0.159616,0.157600,0.163904,0.001697,0.004988,78.832,1300,MAXN,50.8,13.2,13.2
131072,262144,393216,32,32,256,0,10,0.142928,0.139808,0.147456,0.002319,0.004466,88.037,1300,MAXN,50.8,13.2,13.2
131072,262144,393216,32,64,256,1,10,0.136544,0.135328,0.139232,0.001156,0.004267,92.153,1300,MAXN,50.8,13.2,13.2
131072,262144,393216,32,128,256,1,10,0.138608,0.136896,0.140416,0.001146,0.004332,90.781,1300,MAXN,50.8,13.2,13.2
131072,262144,393216,32,256,256,0,10,0.147152,0.142368,0.151648,0.002554,0.004598,85.510,1300,MAXN,50.8,13.2,13.2
131072,262144,393216,32,512,256,0,10,0.163024,0.161024,0.166112,0.001588,0.005095,77.184,1300,MAXN,50.8,13.2,13.2
131072,262144,393216,32,1024,256,0,10,0.203584,0.201184,0.205504,0.001328,0.006362,61.807,1300,MAXN,50.8,13.2,13.2
262144,524288,786432,1,16,256,0,10,0.010144,0.009792,0.012800,0.000871,0.010144,77.527,1300,MAXN,50.8,13.2,13.2
262144,524288,786432,1,32,256,0,10,0.008544,0.007840,0.010272,0.000604,0.008544,92.045,1300,MAXN,50.8,13.2,13.2
262144,524288,786432,1,64,256,1,10,0.008032,0.007776,0.009632,0.000652,0.008032,97.912,1300,MAXN,50.8,13.2,13.2
262144,524288,786432,1,128,256,0,10,0.008640,0.008096,0.012992,0.001336,0.008640,91.022,1300,MAXN,50.8,13.2,13.2
262144,524288,786432,1,256,256,0,10,0.008448,0.008096,0.009312,0.000320,0.008448,93.091,1300,MAXN,50.8,13.2,13.2
262144,524288,786432,1,512,256,0,10,0.009264,0.008608,0.011712,0.000876,0.009264,84.891,1300,MAXN,50.8,13.2,13.2
262144,524288,786432,1,1024,256,0,10,0.010384,0.009984,0.011712,0.000456,0.010384,75.735,1300,MAXN,50.8,13.2,13.2
262144,524288,786432,2,16,256,0,10,0.016992,0.016352,0.018912,0.000678,0.008496,92.565,1300,MAXN,50.8,13.2,13.2
262144,524288,786432,2,32,256,0,10,0.013616,0.013216,0.015744,0.000694,0.006808,115.516,1300,MAXN,50.8,13.2,13.2
262144,524288,786432,2,64,256,1,10,0.012896,0.012448,0.015232,0.000757,0.006448,121.965,1300,MAXN,50.8,13.2,13.2
262144,524288,786432,2,128,256,1,10,0.013008,0.012672,0.014272,0.000451,0.006504,120.915,1300,MAXN,50.8,13.2,13.2
262144,524288,786432,2,256,256,0,10,0.013568,0.012864,0.014592,0.000482,0.006784,115.925,1300,MAXN,50.8,13.2,13.2
262144,524288,786432,2,512,256,0,10,0.014272,0.013856,0.019040,0.001546,0.007136,110.206,1300,MAXN,50.8,13.2,13.2
262144,524288,786432,2,1024,256,0,10,0.017152,0.016608,0.019392,0.000775,0.008576,91.701,1300,MAXN,50.8,13.2,13.2
262144,524288,786432,4,16,256,0,10,0.030464,0.028960,0.043104,0.003916,0.007616,103.261,1300,MAXN,50.8,13.2,13.2
262144,524288,786432,4,32,256,0,10,0.024416,0.023744,0.029344,0.001560,0.006104,128.839,1300,MAXN,50.8,13.2,13.2
262144,524288,786432,4,64,256,1,10,0.022512,0.021280,0.023872,0.000901,0.005628,139.736,1300,MAXN,50.8,13.2,13.2
262144,524288,786432,4,128,256,1,10,0.022640,0.021600,0.025248,0.001007,0.005660,138.946,1300,MAXN,50.8,13.2,13.2
262144,524288,786432,4,256,256,1,10,0.022480,0.022048,0.024800,0.000770,0.005620,139.935,1300,MAXN,50.8,13.2,13.2
262144,524288,786432,4,512,256,0,10,0.024816,0.023936,0.025632,0.000603,0.006204,126.762,1300,MAXN,50.8,13.2,13.2
262144,524288,786432,4,1024,256,0,10,0.030288,0.029472,0.034656,0.001399,0.007572,103.861,1300,MAXN,50.8,13.2,13.2
262144,524288,786432,8,16,256,0,10,0.057424,0.055968,0.061792,0.001556,0.007178,109.561,1300,MAXN,50.8,13.2,13.2
262144,524288,786432,8,32,256,0,10,0.046192,0.044576,0.055392,0.002911,0.005774,136.202,1300,MAXN,50.8,13.2,13.2
262144,524288,786432,8,64,256,1,10,0.041440,0.040320,0.065184,0.007168,0.005180,151.821,1300,MAXN,50.8,13.2,13.2
262144,524288,786432,8,128,256,1,10,0.042208,0.041120,0.052576,0.003216,0.005276,149.058,1300,MAXN,50.8,13.2,13.2
262144,524288,786432,8,256,256,1,10,0.042208,0.041184,0.048128,0.001923,0.005276,149.058,1300,MAXN,50.8,13.2,13.2
262144,524288,786432,8,512,256,0,10,0.046576,0.045408,0.051136,0.001949,0.005822,135.079,1300,MAXN,50.8,13.2,13.2
262144,524288,786432,8,1024,256,0,10,0.056944,0.055392,0.058528,0.000843,0.007118,110.485,1300,MAXN,50.8,13.2,13.2
262144,524288,786432,16,16,256,0,10,0.110880,0.109696,0.111808,0.000650,0.006930,113.482,1300,MAXN,50.8,13.2,13.2
262144,524288,786432,16,32,256,0,10,0.087616,0.086272,0.092512,0.001764,0.005476,143.614,1300,MAXN,50.8,13.2,13.2
262144,524288,786432,16,64,256,1,10,0.078704,0.076832,0.079520,0.000878,0.004919,159.876,1300,MAXN,50.8,13.2,13.2
262144,524288,786432,16,128,256,1,10,0.079584,0.078528,0.082624,0.001383,0.004974,158.109,1300,MAXN,50.8,13.2,13.2
262144,524288,786432,16,256,256,0,10,0.081568,0.080640,0.083232,0.000797,0.005098,154.263,1300,MAXN,50.8,13.2,13.2
262144,524288,786432,16,512,256,0,10,0.089296,0.087648,0.093056,0.001500,0.005581,140.912,1300,MAXN,50.8,13.2,13.2
262144,524288,786432,16,1024,256,0,10,0.111200,0.109728,0.111776,0.000726,0.006950,113.156,1300,MAXN,50.8,13.2,13.2
262144,524288,786432,32,16,256,0,10,0.216368,0.213952,0.220896,0.001854,0.006761,116.310,1300,MAXN,50.8,13.2,13.2
262144,524288,786432,32,32,256,0,10,0.171104,0.169568,0.175808,0.001730,0.005347,147.079,1300,MAXN,50.8,13.2,13.2
262144,524288,786432,32,64,256,1,10,0.154096,0.152096,0.156576,0.001437,0.004815,163.313,1300,MAXN,50.8,13.2,13.2
262144,524288,786432,32,128,256,1,10,0.156240,0.154528,0.158240,0.000987,0.004883,161.072,1300,MAXN,50.8,13.2,13.2
262144,524288,786432,32,256,256,1,10,0.156640,0.155648,0.160896,0.001518,0.004895,160.660,1300,MAXN,50.8,13.2,13.2
262144,524288,786432,32,512,256,0,10,0.174480,0.172512,0.179520,0.001856,0.005452,144.233,1300,MAXN,50.8,13.2,13.2
262144,524288,786432,32,1024,256,0,10,0.218576,0.215232,0.221952,0.001751,0.006830,115.135,1300,MAXN,50.8,13.2,13.2
524288,1048576,1572864,1,16,256,0,10,0.013328,0.012768,0.016896,0.001107,0.013328,118.012,1300,MAXN,50.8,13.2,13.2
524288,1048576,1572864,1,32,256,0,10,0.010448,0.009664,0.013056,0.000849,0.010448,150.542,1300,MAXN,50.8,13.2,13.2
524288,1048576,1572864,1,64,256,1,10,0.009456,0.008960,0.013632,0.001364,0.009456,166.335,1300,MAXN,50.8,13.2,13.2
524288,1048576,1572864,1,128,256,0,10,0.009632,0.009184,0.012928,0.001047,0.009632,163.296,1300,MAXN,50.8,13.2,13.2
524288,1048576,1572864,1,256,256,1,10,0.009344,0.009152,0.010816,0.000466,0.009344,168.329,1300,MAXN,50.8,13.2,13.2
524288,1048576,1572864,1,512,256,0,10,0.009840,0.009248,0.010912,0.000443,0.009840,159.844,1300,MAXN,50.8,13.2,13.2
524288,1048576,1572864,1,1024,256,0,10,0.011184,0.010752,0.013344,0.000709,0.011184,140.635,1300,MAXN,50.8,13.2,13.2
524288,1048576,1572864,2,16,256,0,10,0.022960,0.022144,0.040832,0.005391,0.011480,137.009,1300,MAXN,50.8,13.2,13.2
524288,1048576,1572864,2,32,256,0,10,0.017392,0.016896,0.021280,0.001227,0.008696,180.872,1300,MAXN,50.8,13.2,13.2
524288,1048576,1572864,2,64,256,1,10,0.015104,0.014496,0.015872,0.000361,0.007552,208.271,1300,MAXN,50.8,13.2,13.2
524288,1048576,1572864,2,128,256,0,10,0.015568,0.015040,0.016928,0.000488,0.007784,202.064,1300,MAXN,50.8,13.2,13.2
524288,1048576,1572864,2,256,256,1,10,0.015200,0.014624,0.016928,0.000652,0.007600,206.956,1300,MAXN,50.8,13.2,13.2
524288,1048576,1572864,2,512,256,0,10,0.015920,0.015264,0.019616,0.001205,0.007960,197.596,1300,MAXN,50.8,13.2,13.2
524288,1048576,1572864,2,1024,256,0,10,0.018160,0.017920,0.032608,0.004313,0.009080,173.223,1300,MAXN,50.8,13.2,13.2
524288,1048576,1572864,4,16,256,0,10,0.042688,0.042016,0.044256,0.000597,0.010672,147.382,1300,MAXN,50.8,13.2,13.2
524288,1048576,1572864,4,32,256,0,10,0.030896,0.029504,0.049248,0.005591,0.007724,203.633,1300,MAXN,50.8,13.2,13.2
524288,1048576,1572864,4,64,256,1,10,0.026160,0.025600,0.028736,0.000845,0.006540,240.499,1300,MAXN,50.8,13.2,13.2
524288,1048576,1572864,4,128,256,0,10,0.027360,0.026272,0.028928,0.000727,0.006840,229.951,1300,MAXN,50.8,13.2,13.2
524288,1048576,1572864,4,256,256,0,10,0.026928,0.025984,0.035584,0.002700,0.006732,233.640,1300,MAXN,50.8,13.2,13.2
524288,1048576,1572864,4,512,256,0,10,0.028496,0.027360,0.033664,0.001699,0.007124,220.784,1300,MAXN,50.8,13.2,13.2
524288,1048576,1572864,4,1024,256,0,10,0.032720,0.031744,0.037280,0.001698,0.008180,192.282,1300,MAXN,50.8,13.2,13.2
524288,1048576,1572864,8,16,256,0,10,0.081376,0.080480,0.086240,0.001586,0.010172,154.627,1300,MAXN,50.8,13.2,13.2
524288,1048576,1572864,8,32,256,0,10,0.058368,0.057024,0.063552,0.002142,0.007296,215.579,1300,MAXN,50.8,13.2,13.2
524288,1048576,1572864,8,64,256,1,10,0.049776,0.048224,0.050976,0.000835,0.006222,252.791,1300,MAXN,50.8,13.2,13.2
524288,1048576,1572864,8,128,256,0,10,0.051264,0.049632,0.056384,0.002120,0.006408,245.453,1300,MAXN,50.8,13.2,13.2
524288,1048576,1572864,8,256,256,1,10,0.050592,0.049120,0.073248,0.006891,0.006324,248.713,1300,MAXN,50.8,13.2,13.2
524288,1048576,1572864,8,512,256,0,10,0.053200,0.051424,0.057600,0.001807,0.006650,236.521,1300,MAXN,50.8,13.2,13.2
524288,1048576,1572864,8,1024,256,0,10,0.061568,0.060192,0.063488,0.000955,0.007696,204.374,1300,MAXN,50.8,13.2,13.2
524288,1048576,1572864,16,16,256,0,10,0.159744,0.158464,0.166816,0.002685,0.009984,157.538,1300,MAXN,50.8,13.2,13.2
524288,1048576,1572864,16,32,256,0,10,0.111456,0.109344,0.115776,0.001589,0.006966,225.792,1300,MAXN,50.8,13.2,13.2
524288,1048576,1572864,16,64,256,1,10,0.096672,0.094240,0.097760,0.001260,0.006042,260.322,1300,MAXN,50.8,13.2,13.2
524288,1048576,1572864,16,128,256,0,10,0.099616,0.097696,0.102528,0.001274,0.006226,252.628,1300,MAXN,50.8,13.2,13.2
524288,1048576,1572864,16,256,256,1,10,0.096672,0.095136,0.098976,0.001154,0.006042,260.322,1300,MAXN,50.8,13.2,13.2
524288,1048576,1572864,16,512,256,0,10,0.102944,0.102016,0.106464,0.001453,0.006434,244.461,1300,MAXN,50.8,13.2,13.2
524288,1048576,1572864,16,1024,256,0,10,0.119984,0.118592,0.136064,0.004926,0.007499,209.743,1300,MAXN,50.8,13.2,13.2
524288,1048576,1572864,32,16,256,0,10,0.314304,0.312192,0.317088,0.001573,0.009822,160.137,1300,MAXN,50.8,13.2,13.2
524288,1048576,1572864,32,32,256,0,10,0.218416,0.217344,0.221408,0.001281,0.006825,230.439,1300,MAXN,50.8,13.2,13.2
524288,1048576,1572864,32,64,256,1,10,0.188144,0.186368,0.204640,0.004989,0.005879,267.517,1300,MAXN,50.8,13.2,13.2
524288,1048576,1572864,32,128,256,0,10,0.195856,0.192192,0.198336,0.001503,0.006120,256.983,1300,MAXN,50.8,13.2,13.2
524288,1048576,1572864,32,256,256,1,10,0.190928,0.189536,0.192544,0.000811,0.005966,263.616,1300,MAXN,50.8,13.2,13.2
524288,1048576,1572864,32,512,256,0,10,0.203856,0.201856,0.207552,0.001455,0.006370,246.898,1300,MAXN,50.8,13.2,13.2
524288,1048576,1572864,32,1024,256,0,10,0.235232,0.233728,0.238720,0.001700,0.007351,213.966,1300,MAXN,50.8,13.2,13.2
1048576,2097152,3145728,1,16,256,0,10,0.019744,0.019328,0.024032,0.001335,0.019744,159.326,1300,MAXN,50.8,13.2,13.2
1048576,2097152,3145728,1,32,256,0,10,0.013584,0.012800,0.016512,0.000960,0.013584,231.576,1300,MAXN,50.8,13.2,13.2
1048576,2097152,3145728,1,64,256,1,10,0.011552,0.011392,0.015968,0.001372,0.011552,272.310,1300,MAXN,50.8,13.2,13.2
1048576,2097152,3145728,1,128,256,0,10,0.012128,0.011872,0.013952,0.000587,0.012128,259.377,1300,MAXN,50.8,13.2,13.2
1048576,2097152,3145728,1,256,256,1,10,0.011680,0.011360,0.015168,0.001098,0.011680,269.326,1300,MAXN,50.8,13.2,13.2
1048576,2097152,3145728,1,512,256,1,10,0.011552,0.011232,0.013280,0.000559,0.011552,272.310,1300,MAXN,50.8,13.2,13.2
1048576,2097152,3145728,1,1024,256,0,10,0.012336,0.011968,0.013952,0.000633,0.012336,255.004,1300,MAXN,50.8,13.2,13.2
1048576,2097152,3145728,2,16,256,0,10,0.035680,0.034752,0.038848,0.001041,0.017840,176.330,1300,MAXN,50.8,13.2,13.2
1048576,2097152,3145728,2,32,256,0,10,0.023056,0.022176,0.025536,0.000844,0.011528,272.877,1300,MAXN,50.8,13.2,13.2
1048576,2097152,3145728,2,64,256,1,10,0.019680,0.018624,0.021408,0.000701,0.009840,319.688,1300,MAXN,50.8,13.2,13.2
1048576,2097152,3145728,2,128,256,0,10,0.020720,0.020000,0.022272,0.000576,0.010360,303.642,1300,MAXN,50.8,13.2,13.2
1048576,2097152,3145728,2,256,256,1,10,0.019648,0.018880,0.028032,0.002672,0.009824,320.208,1300,MAXN,50.8,13.2,13.2
1048576,2097152,3145728,2,512,256,1,10,0.019504,0.018848,0.022208,0.000902,0.009752,322.573,1300,MAXN,50.8,13.2,13.2
1048576,2097152,3145728,2,1024,256,0,10,0.021168,0.020672,0.025888,0.001477,0.010584,297.215,1300,MAXN,50.8,13.2,13.2
1048576,2097152,3145728,4,16,256,0,10,0.067824,0.066976,0.087040,0.005847,0.016956,185.523,1300,MAXN,50.8,13.2,13.2
1048576,2097152,3145728,4,32,256,0,10,0.043472,0.042656,0.044352,0.000475,0.010868,289.449,1300,MAXN,50.8,13.2,13.2
1048576,2097152,3145728,4,64,256,1,10,0.036160,0.034624,0.037184,0.000678,0.009040,347.979,1300,MAXN,50.8,13.2,13.2
1048576,2097152,3145728,4,128,256,0,10,0.037952,0.037216,0.042144,0.001350,0.009488,331.548,1300,MAXN,50.8,13.2,13.2
1048576,2097152,3145728,4,256,256,1,10,0.036176,0.034976,0.040992,0.001547,0.009044,347.825,1300,MAXN,50.8,13.2,13.2
1048576,2097152,3145728,4,512,256,1,10,0.035952,0.035488,0.040544,0.001430,0.008988,349.992,1300,MAXN,50.8,13.2,13.2
1048576,2097152,3145728,4,1024,256,0,10,0.038624,0.038016,0.048160,0.002887,0.009656,325.780,1300,MAXN,50.8,13.2,13.2
1048576,2097152,3145728,8,16,256,0,10,0.132064,0.130880,0.136864,0.001672,0.016508,190.558,1300,MAXN,50.8,13.2,13.2
1048576,2097152,3145728,8,32,256,0,10,0.084240,0.082752,0.088320,0.001580,0.010530,298.740,1300,MAXN,50.8,13.2,13.2
1048576,2097152,3145728,8,64,256,1,10,0.068896,0.067584,0.085472,0.005067,0.008612,365.273,1300,MAXN,50.8,13.2,13.2
1048576,2097152,3145728,8,128,256,0,10,0.072880,0.070976,0.077824,0.001740,0.009110,345.305,1300,MAXN,50.8,13.2,13.2
1048576,2097152,3145728,8,256,256,1,10,0.069104,0.068224,0.073248,0.001331,0.008638,364.173,1300,MAXN,50.8,13.2,13.2
1048576,2097152,3145728,8,512,256,1,10,0.069376,0.068288,0.074560,0.001799,0.008672,362.745,1300,MAXN,50.8,13.2,13.2
1048576,2097152,3145728,8,1024,256,0,10,0.073952,0.072992,0.086720,0.003903,0.009244,340.299,1300,MAXN,50.8,13.2,13.2
1048576,2097152,3145728,16,16,256,0,10,0.260976,0.257696,0.264928,0.001746,0.016311,192.859,1300,MAXN,50.8,13.2,13.2
1048576,2097152,3145728,16,32,256,0,10,0.163648,0.162112,0.164992,0.000956,0.010228,307.560,1300,MAXN,50.8,13.2,13.2
1048576,2097152,3145728,16,64,256,1,10,0.134032,0.132512,0.136448,0.001119,0.008377,375.520,1300,MAXN,50.8,13.2,13.2
1048576,2097152,3145728,16,128,256,0,10,0.142048,0.140288,0.142912,0.000900,0.008878,354.328,1300,MAXN,50.8,13.2,13.2
1048576,2097152,3145728,16,256,256,1,10,0.134640,0.133504,0.137888,0.001173,0.008415,373.824,1300,MAXN,50.8,13.2,13.2
1048576,2097152,3145728,16,512,256,1,10,0.134240,0.133120,0.135840,0.000725,0.008390,374.938,1300,MAXN,50.8,13.2,13.2
1048576,2097152,3145728,16,1024,256,0,10,0.143424,0.141504,0.147424,0.001549,0.008964,350.929,1300,MAXN,50.8,13.2,13.2
1048576,2097152,3145728,32,16,256,0,10,0.516096,0.513984,0.518432,0.001078,0.016128,195.048,1300,MAXN,50.8,13.2,13.2
1048576,2097152,3145728,32,32,256,0,10,0.323536,0.321600,0.325088,0.001405,0.010110,311.135,1300,MAXN,50.8,13.2,13.2
1048576,2097152,3145728,32,64,256,1,10,0.264528,0.262752,0.266496,0.001118,0.008267,380.539,1300,MAXN,50.8,13.2,13.2
1048576,2097152,3145728,32,128,256,0,10,0.277792,0.276288,0.279776,0.001137,0.008681,362.369,1300,MAXN,50.8,13.2,13.2
1048576,2097152,3145728,32,256,256,1,10,0.264832,0.262720,0.266400,0.001016,0.008276,380.102,1300,MAXN,50.8,13.2,13.2
1048576,2097152,3145728,32,512,256,1,10,0.265888,0.264192,0.268320,0.001208,0.008309,378.593,1300,MAXN,50.8,13.2,13.2
1048576,2097152,3145728,32,1024,256,0,10,0.283232,0.281696,0.286528,0.001717,0.008851,355.409,1300,MAXN,50.8,13.2,13.2
2097152,4194304,6291456,1,16,256,0,10,0.096864,0.096576,0.100352,0.001062,0.096864,64.951,1300,MAXN,50.8,13.2,13.2
2097152,4194304,6291456,1,32,256,0,10,0.058176,0.057056,0.063424,0.001686,0.058176,108.145,1300,MAXN,50.8,13.2,13.2
2097152,4194304,6291456,1,64,256,0,10,0.043888,0.043104,0.048640,0.001564,0.043888,143.353,1300,MAXN,50.8,13.2,13.2
2097152,4194304,6291456,1,128,256,0,10,0.045216,0.044352,0.049760,0.001511,0.045216,139.142,1300,MAXN,50.8,13.2,13.2
2097152,4194304,6291456,1,256,256,1,10,0.041280,0.040768,0.045312,0.001282,0.041280,152.409,1300,MAXN,50.8,13.2,13.2
2097152,4194304,6291456,1,512,256,1,10,0.041232,0.040832,0.042944,0.000600,0.041232,152.587,1300,MAXN,50.8,13.2,13.2
2097152,4194304,6291456,1,1024,256,1,10,0.041008,0.039648,0.042400,0.000656,0.041008,153.420,1300,MAXN,50.8,13.2,13.2
2097152,4194304,6291456,2,16,256,0,10,0.190672,0.189664,0.192896,0.001119,0.095336,65.992,1300,MAXN,50.8,13.2,13.2
2097152,4194304,6291456,2,32,256,0,10,0.112960,0.112352,0.115168,0.000847,0.056480,111.393,1300,MAXN,50.8,13.2,13.2
2097152,4194304,6291456,2,64,256,0,10,0.084608,0.084224,0.086816,0.000714,0.042304,148.720,1300,MAXN,50.8,13.2,13.2
2097152,4194304,6291456,2,128,256,0,10,0.087696,0.086624,0.090880,0.001142,0.043848,143.483,1300,MAXN,50.8,13.2,13.2
2097152,4194304,6291456,2,256,256,1,10,0.079904,0.079200,0.083968,0.001321,0.039952,157.475,1300,MAXN,50.8,13.2,13.2
2097152,4194304,6291456,2,512,256,1,10,0.079664,0.078624,0.084384,0.001515,0.039832,157.950,1300,MAXN,50.8,13.2,13.2
2097152,4194304,6291456,2,1024,256,1,10,0.078816,0.078048,0.080352,0.000568,0.039408,159.649,1300,MAXN,50.8,13.2,13.2
2097152,4194304,6291456,4,16,256,0,10,0.377120,0.376128,0.382496,0.001700,0.094280,66.732,1300,MAXN,50.8,13.2,13.2
2097152,4194304,6291456,4,32,256,0,10,0.223360,0.221408,0.229760,0.002163,0.055840,112.669,1300,MAXN,50.8,13.2,13.2
2097152,4194304,6291456,4,64,256,0,10,0.165632,0.164448,0.169376,0.001414,0.041408,151.938,1300,MAXN,50.8,13.2,13.2
2097152,4194304,6291456,4,128,256,0,10,0.171840,0.169472,0.177632,0.002135,0.042960,146.449,1300,MAXN,50.8,13.2,13.2
2097152,4194304,6291456,4,256,256,1,10,0.156096,0.155136,0.160128,0.001347,0.039024,161.220,1300,MAXN,50.8,13.2,13.2
2097152,4194304,6291456,4,512,256,1,10,0.156416,0.155424,0.161344,0.001593,0.039104,160.890,1300,MAXN,50.8,13.2,13.2
2097152,4194304,6291456,4,1024,256,1,10,0.154000,0.153536,0.159456,0.001695,0.038500,163.414,1300,MAXN,50.8,13.2,13.2
2097152,4194304,6291456,8,16,256,0,10,0.753328,0.750816,0.754592,0.001167,0.094166,66.812,1300,MAXN,50.8,13.2,13.2
2097152,4194304,6291456,8,32,256,0,10,0.443424,0.439232,0.446048,0.001919,0.055428,113.507,1300,MAXN,50.8,13.2,13.2
2097152,4194304,6291456,8,64,256,0,10,0.327856,0.325888,0.333280,0.001974,0.040982,153.518,1300,MAXN,50.8,13.2,13.2
2097152,4194304,6291456,8,128,256,0,10,0.340640,0.339136,0.344800,0.001697,0.042580,147.756,1300,MAXN,50.8,13.2,13.2
2097152,4194304,6291456,8,256,256,1,10,0.309904,0.309056,0.311744,0.000851,0.038738,162.410,1300,MAXN,50.8,13.2,13.2
2097152,4194304,6291456,8,512,256,1,10,0.310176,0.308160,0.312256,0.001179,0.038772,162.268,1300,MAXN,50.8,13.2,13.2
2097152,4194304,6291456,8,1024,256,1,10,0.306176,0.304384,0.310816,0.001573,0.038272,164.388,1300,MAXN,50.8,13.2,13.2
2097152,4194304,6291456,16,16,256,0,10,1.502528,1.498656,1.509696,0.002788,0.093908,66.996,1300,MAXN,50.8,13.2,13.2
2097152,4194304,6291456,16,32,256,0,10,0.883472,0.878560,0.892608,0.003677,0.055217,113.941,1300,MAXN,50.8,13.2,13.2
2097152,4194304,6291456,16,64,256,0,10,0.652112,0.650816,0.655904,0.001528,0.040757,154.365,1300,MAXN,50.8,13.2,13.2
2097152,4194304,6291456,16,128,256,0,10,0.677968,0.674112,0.681216,0.002316,0.042373,148.478,1300,MAXN,50.8,13.2,13.2
2097152,4194304,6291456,16,256,256,1,10,0.615984,0.614528,0.618304,0.001198,0.038499,163.419,1300,MAXN,50.8,13.2,13.2
2097152,4194304,6291456,16,512,256,1,10,0.616176,0.614048,0.618720,0.001556,0.038511,163.368,1300,MAXN,50.8,13.2,13.2
2097152,4194304,6291456,16,1024,256,1,10,0.609232,0.607712,0.613600,0.001532,0.038077,165.230,1300,MAXN,50.8,13.2,13.2
2097152,4194304,6291456,32,16,256,0,10,3.002064,2.997888,3.004512,0.002152,0.093814,67.063,1300,MAXN,50.8,13.2,13.2
2097152,4194304,6291456,32,32,256,0,10,1.766640,1.758752,1.768032,0.002863,0.055208,113.960,1300,MAXN,50.8,13.2,13.2
2097152,4194304,6291456,32,64,256,0,10,1.302400,1.298784,1.323360,0.006524,0.040700,154.581,1300,MAXN,50.8,13.2,13.2
2097152,4194304,6291456,32,128,256,0,10,1.353136,1.350912,1.358816,0.002252,0.042285,148.785,1300,MAXN,50.8,13.2,13.2
2097152,4194304,6291456,32,256,256,1,10,1.228176,1.226560,1.231936,0.001625,0.038380,163.923,1300,MAXN,50.8,13.2,13.2
2097152,4194304,6291456,32,512,256,1,10,1.230672,1.228896,1.233216,0.001231,0.038459,163.591,1300,MAXN,50.8,13.2,13.2
2097152,4194304,6291456,32,1024,256,1,10,1.215744,1.214400,1.217920,0.001039,0.037992,165.600,1300,MAXN,50.8,13.2,13.2
3145728,6291456,9437184,1,16,256,0,10,0.141440,0.139904,0.144928,0.001288,0.141440,66.722,1300,MAXN,50.8,13.2,13.2
3145728,6291456,9437184,1,32,256,0,10,0.082544,0.081920,0.097920,0.004659,0.082544,114.329,1300,MAXN,50.8,13.2,13.2
3145728,6291456,9437184,1,64,256,0,10,0.060960,0.059744,0.062912,0.000893,0.060960,154.809,1300,MAXN,50.8,13.2,13.2
3145728,6291456,9437184,1,128,256,0,10,0.063824,0.063360,0.066208,0.000772,0.063824,147.863,1300,MAXN,50.8,13.2,13.2
3145728,6291456,9437184,1,256,256,1,10,0.058112,0.057312,0.061312,0.001062,0.058112,162.396,1300,MAXN,50.8,13.2,13.2
3145728,6291456,9437184,1,512,256,1,10,0.058384,0.057824,0.059744,0.000508,0.058384,161.640,1300,MAXN,50.8,13.2,13.2
3145728,6291456,9437184,1,1024,256,1,10,0.057952,0.057600,0.059648,0.000638,0.057952,162.845,1300,MAXN,50.8,13.2,13.2
3145728,6291456,9437184,2,16,256,0,10,0.279296,0.278432,0.284512,0.001626,0.139648,67.578,1300,MAXN,50.8,13.2,13.2
3145728,6291456,9437184,2,32,256,0,10,0.162560,0.160320,0.165472,0.001528,0.081280,116.107,1300,MAXN,50.8,13.2,13.2
3145728,6291456,9437184,2,64,256,0,10,0.119536,0.118144,0.120960,0.000937,0.059768,157.897,1300,MAXN,50.8,13.2,13.2
3145728,6291456,9437184,2,128,256,0,10,0.124288,0.122752,0.127360,0.001191,0.062144,151.860,1300,MAXN,50.8,13.2,13.2
3145728,6291456,9437184,2,256,256,1,10,0.113504,0.112416,0.117664,0.001374,0.056752,166.288,1300,MAXN,50.8,13.2,13.2
3145728,6291456,9437184,2,512,256,1,10,0.113840,0.113344,0.118016,0.001289,0.056920,165.797,1300,MAXN,50.8,13.2,13.2
3145728,6291456,9437184,2,1024,256,1,10,0.112320,0.111424,0.113888,0.000723,0.056160,168.041,1300,MAXN,50.8,13.2,13.2
3145728,6291456,9437184,4,16,256,0,10,0.556304,0.554400,0.557280,0.000896,0.139076,67.856,1300,MAXN,50.8,13.2,13.2
3145728,6291456,9437184,4,32,256,0,10,0.321936,0.320864,0.323744,0.000852,0.080484,117.255,1300,MAXN,50.8,13.2,13.2
3145728,6291456,9437184,4,64,256,0,10,0.234592,0.232256,0.244160,0.003264,0.058648,160.912,1300,MAXN,50.8,13.2,13.2
3145728,6291456,9437184,4,128,256,0,10,0.245536,0.243744,0.247616,0.001012,0.061384,153.740,1300,MAXN,50.8,13.2,13.2
3145728,6291456,9437184,4,256,256,1,10,0.223648,0.222336,0.227584,0.001415,0.055912,168.786,1300,MAXN,50.8,13.2,13.2
3145728,6291456,9437184,4,512,256,1,10,0.224576,0.223680,0.226560,0.000818,0.056144,168.089,1300,MAXN,50.8,13.2,13.2
3145728,6291456,9437184,4,1024,256,1,10,0.221664,0.220768,0.227264,0.001764,0.055416,170.297,1300,MAXN,50.8,13.2,13.2
3145728,6291456,9437184,8,16,256,0,10,1.108976,1.105376,1.110816,0.001753,0.138622,68.079,1300,MAXN,50.8,13.2,13.2
3145728,6291456,9437184,8,32,256,0,10,0.640720,0.638048,0.645536,0.001922,0.080090,117.832,1300,MAXN,50.8,13.2,13.2
3145728,6291456,9437184,8,64,256,0,10,0.465376,0.462720,0.470592,0.002024,0.058172,162.229,1300,MAXN,50.8,13.2,13.2
3145728,6291456,9437184,8,128,256,0,10,0.487376,0.486272,0.492160,0.001686,0.060922,154.906,1300,MAXN,50.8,13.2,13.2
3145728,6291456,9437184,8,256,256,1,10,0.444640,0.443104,0.448640,0.001369,0.055580,169.795,1300,MAXN,50.8,13.2,13.2
3145728,6291456,9437184,8,512,256,1,10,0.446112,0.445088,0.449056,0.001084,0.055764,169.234,1300,MAXN,50.8,13.2,13.2
3145728,6291456,9437184,8,1024,256,1,10,0.440320,0.439328,0.442528,0.000979,0.055040,171.460,1300,MAXN,50.8,13.2,13.2
3145728,6291456,9437184,16,16,256,0,10,2.213408,2.210176,2.217664,0.002098,0.138338,68.218,1300,MAXN,50.8,13.2,13.2
3145728,6291456,9437184,16,32,256,0,10,1.276224,1.273408,1.283104,0.003172,0.079764,118.314,1300,MAXN,50.8,13.2,13.2
3145728,6291456,9437184,16,64,256,0,10,0.929856,0.925984,0.933888,0.002434,0.058116,162.385,1300,MAXN,50.8,13.2,13.2
3145728,6291456,9437184,16,128,256,0,10,0.974000,0.969568,0.977216,0.002237,0.060875,155.026,1300,MAXN,50.8,13.2,13.2
3145728,6291456,9437184,16,256,256,1,10,0.886496,0.884448,0.891360,0.002261,0.055406,170.328,1300,MAXN,50.8,13.2,13.2
3145728,6291456,9437184,16,512,256,1,10,0.888432,0.887264,0.893280,0.001748,0.055527,169.957,1300,MAXN,50.8,13.2,13.2
3145728,6291456,9437184,16,1024,256,1,10,0.878272,0.875072,0.882784,0.001929,0.054892,171.923,1300,MAXN,50.8,13.2,13.2
3145728,6291456,9437184,32,16,256,0,10,4.423024,4.419072,4.430336,0.003783,0.138219,68.277,1300,MAXN,50.8,13.2,13.2
3145728,6291456,9437184,32,32,256,0,10,2.549680,2.543072,2.553312,0.003277,0.079677,118.442,1300,MAXN,50.8,13.2,13.2
3145728,6291456,9437184,32,64,256,0,10,1.855808,1.848288,1.859136,0.003262,0.057994,162.727,1300,MAXN,50.8,13.2,13.2
3145728,6291456,9437184,32,128,256,0,10,1.942256,1.939680,1.946880,0.001746,0.060696,155.484,1300,MAXN,50.8,13.2,13.2
3145728,6291456,9437184,32,256,256,1,10,1.770880,1.768352,1.775392,0.002382,0.055340,170.531,1300,MAXN,50.8,13.2,13.2
3145728,6291456,9437184,32,512,256,1,10,1.774944,1.772928,1.777504,0.001385,0.055467,170.141,1300,MAXN,50.8,13.2,13.2
3145728,6291456,9437184,32,1024,256,1,10,1.753344,1.749952,1.756352,0.001775,0.054792,172.237,1300,MAXN,50.8,13.2,13.2
4194304,8388608,12582912,1,16,256,0,10,0.185968,0.184800,0.191264,0.001774,0.185968,67.662,1300,MAXN,50.8,13.2,13.2
4194304,8388608,12582912,1,32,256,0,10,0.107568,0.105888,0.111072,0.001408,0.107568,116.976,1300,MAXN,50.8,13.2,13.2
4194304,8388608,12582912,1,64,256,0,10,0.078720,0.078368,0.081536,0.000940,0.078720,159.844,1300,MAXN,50.8,13.2,13.2
4194304,8388608,12582912,1,128,256,0,10,0.081312,0.080704,0.083360,0.000803,0.081312,154.749,1300,MAXN,50.8,13.2,13.2
4194304,8388608,12582912,1,256,256,0,10,0.075184,0.074400,0.079232,0.001392,0.075184,167.362,1300,MAXN,50.8,13.2,13.2
4194304,8388608,12582912,1,512,256,0,10,0.075216,0.074176,0.079840,0.001467,0.075216,167.290,1300,MAXN,50.8,13.2,13.2
4194304,8388608,12582912,1,1024,256,1,10,0.073680,0.072992,0.077152,0.001111,0.073680,170.778,1300,MAXN,50.8,13.2,13.2
4194304,8388608,12582912,2,16,256,0,10,0.369488,0.367872,0.372928,0.001492,0.184744,68.110,1300,MAXN,50.8,13.2,13.2
4194304,8388608,12582912,2,32,256,0,10,0.212640,0.211104,0.215584,0.001409,0.106320,118.349,1300,MAXN,50.8,13.2,13.2
4194304,8388608,12582912,2,64,256,0,10,0.154128,0.152832,0.156224,0.000906,0.077064,163.279,1300,MAXN,50.8,13.2,13.2
4194304,8388608,12582912,2,128,256,0,10,0.159520,0.158720,0.164320,0.001542,0.079760,157.760,1300,MAXN,50.8,13.2,13.2
4194304,8388608,12582912,2,256,256,1,10,0.146752,0.144640,0.150464,0.001407,0.073376,171.485,1300,MAXN,50.8,13.2,13.2
4194304,8388608,12582912,2,512,256,0,10,0.147712,0.146432,0.151904,0.001402,0.073856,170.371,1300,MAXN,50.8,13.2,13.2
4194304,8388608,12582912,2,1024,256,1,10,0.144288,0.143904,0.147712,0.001051,0.072144,174.414,1300,MAXN,50.8,13.2,13.2
4194304,8388608,12582912,4,16,256,0,10,0.735664,0.733728,0.738784,0.001753,0.183916,68.417,1300,MAXN,50.8,13.2,13.2
4194304,8388608,12582912,4,32,256,0,10,0.420832,0.419264,0.422400,0.000988,0.105208,119.600,1300,MAXN,50.8,13.2,13.2
4194304,8388608,12582912,4,64,256,0,10,0.304352,0.300352,0.306528,0.001612,0.076088,165.373,1300,MAXN,50.8,13.2,13.2
4194304,8388608,12582912,4,128,256,0,10,0.316624,0.315392,0.321632,0.001709,0.079156,158.963,1300,MAXN,50.8,13.2,13.2
4194304,8388608,12582912,4,256,256,1,10,0.290976,0.290176,0.293248,0.000938,0.072744,172.975,1300,MAXN,50.8,13.2,13.2
4194304,8388608,12582912,4,512,256,0,10,0.291696,0.290816,0.296224,0.001458,0.072924,172.548,1300,MAXN,50.8,13.2,13.2
4194304,8388608,12582912,4,1024,256,1,10,0.285856,0.284800,0.287776,0.000837,0.071464,176.073,1300,MAXN,50.8,13.2,13.2
4194304,8388608,12582912,8,16,256,0,10,1.465696,1.463648,1.470368,0.002113,0.183212,68.680,1300,MAXN,50.8,13.2,13.2
4194304,8388608,12582912,8,32,256,0,10,0.839200,0.836512,0.845376,0.002787,0.104900,119.951,1300,MAXN,50.8,13.2,13.2
4194304,8388608,12582912,8,64,256,0,10,0.605904,0.603040,0.610976,0.002062,0.075738,166.137,1300,MAXN,50.8,13.2,13.2
4194304,8388608,12582912,8,128,256,0,10,0.630256,0.627712,0.632608,0.001414,0.078782,159.718,1300,MAXN,50.8,13.2,13.2
4194304,8388608,12582912,8,256,256,1,10,0.578176,0.576032,0.580800,0.001287,0.072272,174.105,1300,MAXN,50.8,13.2,13.2
4194304,8388608,12582912,8,512,256,0,10,0.580592,0.579520,0.581856,0.000747,0.072574,173.380,1300,MAXN,50.8,13.2,13.2
4194304,8388608,12582912,8,1024,256,1,10,0.568832,0.567872,0.571872,0.001207,0.071104,176.965,1300,MAXN,50.8,13.2,13.2
4194304,8388608,12582912,16,16,256,0,10,2.931104,2.924672,2.934752,0.003546,0.183194,68.686,1300,MAXN,50.8,13.2,13.2
4194304,8388608,12582912,16,32,256,0,10,1.674672,1.665472,1.681824,0.004463,0.104667,120.219,1300,MAXN,50.8,13.2,13.2
4194304,8388608,12582912,16,64,256,0,10,1.209344,1.206112,1.215520,0.002625,0.075584,166.476,1300,MAXN,50.8,13.2,13.2
4194304,8388608,12582912,16,128,256,0,10,1.257936,1.252608,1.261088,0.002477,0.078621,160.045,1300,MAXN,50.8,13.2,13.2
4194304,8388608,12582912,16,256,256,1,10,1.152544,1.149824,1.156320,0.001898,0.072034,174.680,1300,MAXN,50.8,13.2,13.2
4194304,8388608,12582912,16,512,256,0,10,1.158400,1.156384,1.163424,0.001945,0.072400,173.797,1300,MAXN,50.8,13.2,13.2
4194304,8388608,12582912,16,1024,256,1,10,1.135008,1.133504,1.140800,0.001923,0.070938,177.379,1300,MAXN,50.8,13.2,13.2
4194304,8388608,12582912,32,16,256,0,10,5.858048,5.853856,5.862016,0.002975,0.183064,68.735,1300,MAXN,50.8,13.2,13.2
4194304,8388608,12582912,32,32,256,0,10,3.346704,3.341312,3.351008,0.002692,0.104585,120.313,1300,MAXN,50.8,13.2,13.2
4194304,8388608,12582912,32,64,256,0,10,2.415472,2.410240,2.420448,0.003156,0.075483,166.698,1300,MAXN,50.8,13.2,13.2
4194304,8388608,12582912,32,128,256,0,10,2.511728,2.508256,2.523392,0.004513,0.078491,160.309,1300,MAXN,50.8,13.2,13.2
4194304,8388608,12582912,32,256,256,1,10,2.304704,2.300192,2.312032,0.003987,0.072022,174.709,1300,MAXN,50.8,13.2,13.2
4194304,8388608,12582912,32,512,256,0,10,2.316192,2.313152,2.318208,0.001406,0.072381,173.843,1300,MAXN,50.8,13.2,13.2
4194304,8388608,12582912,32,1024,256,1,10,2.266960,2.263264,2.270240,0.002033,0.070842,177.618,1300,MAXN,50.8,13.2,13.2
4194304,8388608,12582912,1,256,128,0,10,0.081632,0.080832,0.084320,0.000913,0.081632,154.142,1300,MAXN,50.8,13.2,13.2
4194304,8388608,12582912,1,256,256,0,10,0.074896,0.074176,0.077792,0.001008,0.074896,168.005,1300,MAXN,50.8,13.2,13.2
4194304,8388608,12582912,1,256,512,0,10,0.075648,0.074752,0.078688,0.000993,0.075648,166.335,1300,MAXN,50.8,13.2,13.2
6291456,12582912,18874368,1,16,256,0,10,0.273488,0.272352,0.277856,0.001548,0.273488,69.014,1300,MAXN,50.8,13.2,13.2
6291456,12582912,18874368,1,32,256,0,10,0.155936,0.154720,0.163232,0.002378,0.155936,121.039,1300,MAXN,50.8,13.2,13.2
6291456,12582912,18874368,1,64,256,0,10,0.113616,0.112192,0.114656,0.000672,0.113616,166.124,1300,MAXN,50.8,13.2,13.2
6291456,12582912,18874368,1,128,256,0,10,0.119088,0.118720,0.121600,0.000845,0.119088,158.491,1300,MAXN,50.8,13.2,13.2
6291456,12582912,18874368,1,256,256,1,10,0.108432,0.107488,0.112576,0.001463,0.108432,174.066,1300,MAXN,50.8,13.2,13.2
6291456,12582912,18874368,1,512,256,1,10,0.108816,0.107936,0.110976,0.001000,0.108816,173.452,1300,MAXN,50.8,13.2,13.2
6291456,12582912,18874368,1,1024,256,1,10,0.106704,0.106272,0.109664,0.000960,0.106704,176.885,1300,MAXN,50.8,13.2,13.2
6291456,12582912,18874368,2,16,256,0,10,0.544320,0.543328,0.546624,0.001102,0.272160,69.350,1300,MAXN,50.8,13.2,13.2
6291456,12582912,18874368,2,32,256,0,10,0.310224,0.308416,0.314048,0.001675,0.155112,121.682,1300,MAXN,50.8,13.2,13.2
6291456,12582912,18874368,2,64,256,0,10,0.223296,0.222080,0.228064,0.001693,0.111648,169.052,1300,MAXN,50.8,13.2,13.2
6291456,12582912,18874368,2,128,256,0,10,0.235456,0.233664,0.238464,0.001337,0.117728,160.322,1300,MAXN,50.8,13.2,13.2
6291456,12582912,18874368,2,256,256,1,10,0.213408,0.212352,0.214624,0.000729,0.106704,176.885,1300,MAXN,50.8,13.2,13.2
6291456,12582912,18874368,2,512,256,1,10,0.214560,0.214272,0.217088,0.000831,0.107280,175.936,1300,MAXN,50.8,13.2,13.2
6291456,12582912,18874368,2,1024,256,1,10,0.210336,0.209856,0.213760,0.001073,0.105168,179.469,1300,MAXN,50.8,13.2,13.2
6291456,12582912,18874368,4,16,256,0,10,1.086016,1.082464,1.089152,0.001745,0.271504,69.518,1300,MAXN,50.8,13.2,13.2
6291456,12582912,18874368,4,32,256,0,10,0.615168,0.613920,0.621536,0.002040,0.153792,122.727,1300,MAXN,50.8,13.2,13.2
6291456,12582912,18874368,4,64,256,0,10,0.444288,0.441792,0.446720,0.001650,0.111072,169.929,1300,MAXN,50.8,13.2,13.2
6291456,12582912,18874368,4,128,256,0,10,0.467648,0.465728,0.470592,0.001493,0.116912,161.441,1300,MAXN,50.8,13.2,13.2
6291456,12582912,18874368,4,256,256,1,10,0.422528,0.421216,0.426368,0.001423,0.105632,178.680,1300,MAXN,50.8,13.2,13.2
6291456,12582912,18874368,4,512,256,1,10,0.426288,0.424096,0.427712,0.001070,0.106572,177.104,1300,MAXN,50.8,13.2,13.2
6291456,12582912,18874368,4,1024,256,1,10,0.418496,0.417184,0.419968,0.000761,0.104624,180.402,1300,MAXN,50.8,13.2,13.2
6291456,12582912,18874368,8,16,256,0,10,2.168240,2.164480,2.170144,0.001815,0.271030,69.639,1300,MAXN,50.8,13.2,13.2
6291456,12582912,18874368,8,32,256,0,10,1.227360,1.221120,1.230720,0.002649,0.153420,123.024,1300,MAXN,50.8,13.2,13.2
6291456,12582912,18874368,8,64,256,0,10,0.884256,0.881088,0.891616,0.002749,0.110532,170.759,1300,MAXN,50.8,13.2,13.2
6291456,12582912,18874368,8,128,256,0,10,0.932528,0.931488,0.937792,0.001753,0.116566,161.920,1300,MAXN,50.8,13.2,13.2
6291456,12582912,18874368,8,256,256,1,10,0.843600,0.840384,0.849312,0.002323,0.105450,178.989,1300,MAXN,50.8,13.2,13.2
6291456,12582912,18874368,8,512,256,1,10,0.848560,0.846848,0.852320,0.001739,0.106070,177.943,1300,MAXN,50.8,13.2,13.2
6291456,12582912,18874368,8,1024,256,1,10,0.833024,0.832160,0.835360,0.001065,0.104128,181.261,1300,MAXN,50.8,13.2,13.2
6291456,12582912,18874368,16,16,256,0,10,4.332304,4.329536,4.338848,0.002821,0.270769,69.707,1300,MAXN,50.8,13.2,13.2
6291456,12582912,18874368,16,32,256,0,10,2.451120,2.447008,2.456256,0.002734,0.153195,123.205,1300,MAXN,50.8,13.2,13.2
6291456,12582912,18874368,16,64,256,0,10,1.766320,1.762752,1.774016,0.003876,0.110395,170.971,1300,MAXN,50.8,13.2,13.2
6291456,12582912,18874368,16,128,256,0,10,1.859808,1.857568,1.863616,0.001618,0.116238,162.377,1300,MAXN,50.8,13.2,13.2
6291456,12582912,18874368,16,256,256,1,10,1.683856,1.680992,1.687392,0.002185,0.105241,179.344,1300,MAXN,50.8,13.2,13.2
6291456,12582912,18874368,16,512,256,1,10,1.694832,1.693024,1.697952,0.001451,0.105927,178.183,1300,MAXN,50.8,13.2,13.2
6291456,12582912,18874368,16,1024,256,1,10,1.663024,1.659744,1.667776,0.002058,0.103939,181.591,1300,MAXN,50.8,13.2,13.2
6291456,12582912,18874368,32,16,256,0,10,8.658032,8.653728,8.664864,0.003555,0.270563,69.759,1300,MAXN,50.8,13.2,13.2
6291456,12582912,18874368,32,32,256,0,10,4.899552,4.892768,4.904384,0.003261,0.153111,123.272,1300,MAXN,50.8,13.2,13.2
6291456,12582912,18874368,32,64,256,0,10,3.530032,3.521664,3.540832,0.005134,0.110313,171.098,1300,MAXN,50.8,13.2,13.2
6291456,12582912,18874368,32,128,256,0,10,3.719760,3.716608,3.724640,0.002293,0.116242,162.371,1300,MAXN,50.8,13.2,13.2
6291456,12582912,18874368,32,256,256,1,10,3.361776,3.360032,3.367872,0.002291,0.105055,179.661,1300,MAXN,50.8,13.2,13.2
6291456,12582912,18874368,32,512,256,1,10,3.387088,3.384960,3.389024,0.001360,0.105846,178.318,1300,MAXN,50.8,13.2,13.2
6291456,12582912,18874368,32,1024,256,1,10,3.322720,3.320256,3.327104,0.002145,0.103835,181.773,1300,MAXN,50.8,13.2,13.2
8388608,16777216,25165824,1,16,256,0,10,0.362752,0.360800,0.368416,0.002083,0.362752,69.375,1300,MAXN,50.8,13.2,13.2
8388608,16777216,25165824,1,32,256,0,10,0.205520,0.204160,0.207200,0.001101,0.205520,122.450,1300,MAXN,50.8,13.2,13.2
8388608,16777216,25165824,1,64,256,0,10,0.147904,0.146176,0.150912,0.001398,0.147904,170.150,1300,MAXN,50.8,13.2,13.2
8388608,16777216,25165824,1,128,256,0,10,0.155984,0.154432,0.157856,0.001086,0.155984,161.336,1300,MAXN,50.8,13.2,13.2
8388608,16777216,25165824,1,256,256,1,10,0.141616,0.140992,0.144480,0.000938,0.141616,177.705,1300,MAXN,50.8,13.2,13.2
8388608,16777216,25165824,1,512,256,1,10,0.142544,0.142048,0.145792,0.001066,0.142544,176.548,1300,MAXN,50.8,13.2,13.2
8388608,16777216,25165824,1,1024,256,1,10,0.139840,0.139392,0.143456,0.001141,0.139840,179.962,1300,MAXN,50.8,13.2,13.2
8388608,16777216,25165824,2,16,256,0,10,0.722304,0.719904,0.725824,0.001637,0.361152,69.682,1300,MAXN,50.8,13.2,13.2
8388608,16777216,25165824,2,32,256,0,10,0.407568,0.405952,0.411616,0.001562,0.203784,123.493,1300,MAXN,50.8,13.2,13.2
8388608,16777216,25165824,2,64,256,0,10,0.293600,0.290176,0.297056,0.001924,0.146800,171.429,1300,MAXN,50.8,13.2,13.2
8388608,16777216,25165824,2,128,256,0,10,0.308896,0.307616,0.310752,0.001088,0.154448,162.940,1300,MAXN,50.8,13.2,13.2
8388608,16777216,25165824,2,256,256,1,10,0.279744,0.279136,0.283904,0.001306,0.139872,179.920,1300,MAXN,50.8,13.2,13.2
8388608,16777216,25165824,2,512,256,0,10,0.282272,0.281824,0.284384,0.000804,0.141136,178.309,1300,MAXN,50.8,13.2,13.2
8388608,16777216,25165824,2,1024,256,1,10,0.276096,0.275168,0.278240,0.000773,0.138048,182.298,1300,MAXN,50.8,13.2,13.2
8388608,16777216,25165824,4,16,256,0,10,1.441376,1.438688,1.444128,0.001573,0.360344,69.838,1300,MAXN,50.8,13.2,13.2
8388608,16777216,25165824,4,32,256,0,10,0.812624,0.808992,0.820992,0.003068,0.203156,123.874,1300,MAXN,50.8,13.2,13.2
8388608,16777216,25165824,4,64,256,0,10,0.580656,0.578560,0.582944,0.001427,0.145164,173.361,1300,MAXN,50.8,13.2,13.2
8388608,16777216,25165824,4,128,256,0,10,0.613616,0.611584,0.617376,0.001613,0.153404,164.049,1300,MAXN,50.8,13.2,13.2
8388608,16777216,25165824,4,256,256,1,10,0.556576,0.555424,0.560800,0.001573,0.139144,180.862,1300,MAXN,50.8,13.2,13.2
8388608,16777216,25165824,4,512,256,0,10,0.562672,0.561120,0.564960,0.001060,0.140668,178.902,1300,MAXN,50.8,13.2,13.2
8388608,16777216,25165824,4,1024,256,1,10,0.548672,0.547072,0.551744,0.001360,0.137168,183.467,1300,MAXN,50.8,13.2,13.2
8388608,16777216,25165824,8,16,256,0,10,2.879360,2.874272,2.885184,0.003507,0.359920,69.921,1300,MAXN,50.8,13.2,13.2
8388608,16777216,25165824,8,32,256,0,10,1.621792,1.618720,1.626016,0.002013,0.202724,124.138,1300,MAXN,50.8,13.2,13.2
8388608,16777216,25165824,8,64,256,0,10,1.159440,1.156768,1.169760,0.003583,0.144930,173.641,1300,MAXN,50.8,13.2,13.2
8388608,16777216,25165824,8,128,256,0,10,1.224352,1.220832,1.226336,0.001691,0.153044,164.435,1300,MAXN,50.8,13.2,13.2
8388608,16777216,25165824,8,256,256,1,10,1.110864,1.108672,1.112128,0.001079,0.138858,181.234,1300,MAXN,50.8,13.2,13.2
8388608,16777216,25165824,8,512,256,0,10,1.121552,1.120192,1.124352,0.001372,0.140194,179.507,1300,MAXN,50.8,13.2,13.2
8388608,16777216,25165824,8,1024,256,1,10,1.094912,1.094048,1.096448,0.000703,0.136864,183.875,1300,MAXN,50.8,13.2,13.2
8388608,16777216,25165824,16,16,256,0,10,5.752624,5.749536,5.757344,0.002548,0.359539,69.995,1300,MAXN,50.8,13.2,13.2
8388608,16777216,25165824,16,32,256,0,10,3.238464,3.231296,3.240672,0.002641,0.202404,124.335,1300,MAXN,50.8,13.2,13.2
8388608,16777216,25165824,16,64,256,0,10,2.314480,2.309792,2.321152,0.003531,0.144655,173.971,1300,MAXN,50.8,13.2,13.2
8388608,16777216,25165824,16,128,256,0,10,2.444928,2.439968,2.448896,0.002480,0.152808,164.689,1300,MAXN,50.8,13.2,13.2
8388608,16777216,25165824,16,256,256,1,10,2.216336,2.214208,2.220256,0.001645,0.138521,181.675,1300,MAXN,50.8,13.2,13.2
8388608,16777216,25165824,16,512,256,0,10,2.239376,2.237344,2.243872,0.001747,0.139961,179.806,1300,MAXN,50.8,13.2,13.2
8388608,16777216,25165824,16,1024,256,1,10,2.187152,2.186080,2.188864,0.000913,0.136697,184.099,1300,MAXN,50.8,13.2,13.2
8388608,16777216,25165824,32,16,256,0,10,11.501712,11.495584,11.505152,0.003386,0.359429,70.016,1300,MAXN,50.8,13.2,13.2
8388608,16777216,25165824,32,32,256,0,10,6.475952,6.469984,6.490112,0.005155,0.202373,124.353,1300,MAXN,50.8,13.2,13.2
8388608,16777216,25165824,32,64,256,0,10,4.626480,4.616576,4.630048,0.003947,0.144578,174.065,1300,MAXN,50.8,13.2,13.2
8388608,16777216,25165824,32,128,256,0,10,4.879648,4.873984,4.889056,0.004864,0.152489,165.034,1300,MAXN,50.8,13.2,13.2
8388608,16777216,25165824,32,256,256,1,10,4.432912,4.426784,4.440736,0.003445,0.138529,181.665,1300,MAXN,50.8,13.2,13.2
8388608,16777216,25165824,32,512,256,0,10,4.476336,4.472640,4.482176,0.002526,0.139886,179.903,1300,MAXN,50.8,13.2,13.2
8388608,16777216,25165824,32,1024,256,1,10,4.370000,4.367392,4.372704,0.001874,0.136562,184.281,1300,MAXN,50.8,13.2,13.2
12582912,25165824,37748736,1,16,256,0,10,0.538160,0.535520,0.545312,0.002533,0.538160,70.144,1300,MAXN,50.8,13.2,13.2
12582912,25165824,37748736,1,32,256,0,10,0.300912,0.299616,0.304320,0.001521,0.300912,125.448,1300,MAXN,50.8,13.2,13.2
12582912,25165824,37748736,1,64,256,0,10,0.215888,0.215296,0.219456,0.001295,0.215888,174.853,1300,MAXN,50.8,13.2,13.2
12582912,25165824,37748736,1,128,256,0,10,0.228720,0.228032,0.230688,0.000843,0.228720,165.043,1300,MAXN,50.8,13.2,13.2
12582912,25165824,37748736,1,256,256,1,10,0.207440,0.206624,0.210976,0.001171,0.207440,181.974,1300,MAXN,50.8,13.2,13.2
12582912,25165824,37748736,1,512,256,0,10,0.210256,0.209664,0.213888,0.001186,0.210256,179.537,1300,MAXN,50.8,13.2,13.2
12582912,25165824,37748736,1,1024,256,1,10,0.205488,0.204672,0.207904,0.000849,0.205488,183.703,1300,MAXN,50.8,13.2,13.2
12582912,25165824,37748736,2,16,256,0,10,1.072416,1.071136,1.075776,0.001474,0.536208,70.399,1300,MAXN,50.8,13.2,13.2
12582912,25165824,37748736,2,32,256,0,10,0.599040,0.597088,0.602240,0.001782,0.299520,126.031,1300,MAXN,50.8,13.2,13.2
12582912,25165824,37748736,2,64,256,0,10,0.431584,0.428288,0.434240,0.001747,0.215792,174.931,1300,MAXN,50.8,13.2,13.2
12582912,25165824,37748736,2,128,256,0,10,0.453824,0.452832,0.455968,0.001076,0.226912,166.358,1300,MAXN,50.8,13.2,13.2
12582912,25165824,37748736,2,256,256,1,10,0.412448,0.411712,0.414752,0.000861,0.206224,183.047,1300,MAXN,50.8,13.2,13.2
12582912,25165824,37748736,2,512,256,0,10,0.417088,0.416064,0.420000,0.001232,0.208544,181.011,1300,MAXN,50.8,13.2,13.2
12582912,25165824,37748736,2,1024,256,1,10,0.407216,0.406496,0.409696,0.000851,0.203608,185.399,1300,MAXN,50.8,13.2,13.2
12582912,25165824,37748736,4,16,256,0,10,2.141344,2.137056,2.145376,0.002222,0.535336,70.514,1300,MAXN,50.8,13.2,13.2
12582912,25165824,37748736,4,32,256,0,10,1.199040,1.191744,1.203904,0.004059,0.299760,125.930,1300,MAXN,50.8,13.2,13.2
12582912,25165824,37748736,4,64,256,0,10,0.856752,0.854240,0.862368,0.002253,0.214188,176.241,1300,MAXN,50.8,13.2,13.2
12582912,25165824,37748736,4,128,256,0,10,0.905024,0.904160,0.907776,0.001216,0.226256,166.841,1300,MAXN,50.8,13.2,13.2
12582912,25165824,37748736,4,256,256,1,10,0.821440,0.818912,0.823968,0.001569,0.205360,183.817,1300,MAXN,50.8,13.2,13.2
12582912,25165824,37748736,4,512,256,0,10,0.831824,0.830368,0.835552,0.001330,0.207956,181.523,1300,MAXN,50.8,13.2,13.2
12582912,25165824,37748736,4,1024,256,1,10,0.811792,0.810208,0.813216,0.000867,0.202948,186.002,1300,MAXN,50.8,13.2,13.2
12582912,25165824,37748736,8,16,256,0,10,4.280336,4.277696,4.285504,0.002483,0.535042,70.553,1300,MAXN,50.8,13.2,13.2
12582912,25165824,37748736,8,32,256,0,10,2.388320,2.385920,2.393280,0.002401,0.298540,126.444,1300,MAXN,50.8,13.2,13.2
12582912,25165824,37748736,8,64,256,0,10,1.710560,1.705152,1.717088,0.003304,0.213820,176.544,1300,MAXN,50.8,13.2,13.2
12582912,25165824,37748736,8,128,256,0,10,1.807088,1.805152,1.809824,0.001597,0.225886,167.114,1300,MAXN,50.8,13.2,13.2
12582912,25165824,37748736,8,256,256,1,10,1.640128,1.636928,1.644672,0.002345,0.205016,184.126,1300,MAXN,50.8,13.2,13.2
12582912,25165824,37748736,8,512,256,0,10,1.659984,1.658336,1.662944,0.001246,0.207498,181.923,1300,MAXN,50.8,13.2,13.2
12582912,25165824,37748736,8,1024,256,1,10,1.620032,1.618272,1.624992,0.001755,0.202504,186.410,1300,MAXN,50.8,13.2,13.2
12582912,25165824,37748736,16,16,256,0,10,8.556368,8.550304,8.566304,0.005088,0.534773,70.588,1300,MAXN,50.8,13.2,13.2
12582912,25165824,37748736,16,32,256,0,10,4.776416,4.769664,4.785248,0.003949,0.298526,126.450,1300,MAXN,50.8,13.2,13.2
12582912,25165824,37748736,16,64,256,0,10,3.415968,3.411360,3.428992,0.005510,0.213498,176.811,1300,MAXN,50.8,13.2,13.2
12582912,25165824,37748736,16,128,256,0,10,3.613776,3.609216,3.616448,0.001973,0.225861,167.133,1300,MAXN,50.8,13.2,13.2
12582912,25165824,37748736,16,256,256,1,10,3.276064,3.273984,3.279712,0.002054,0.204754,184.361,1300,MAXN,50.8,13.2,13.2
12582912,25165824,37748736,16,512,256,0,10,3.317648,3.314208,3.320800,0.001871,0.207353,182.051,1300,MAXN,50.8,13.2,13.2
12582912,25165824,37748736,16,1024,256,1,10,3.236640,3.235712,3.238784,0.001048,0.202290,186.607,1300,MAXN,50.8,13.2,13.2
12582912,25165824,37748736,32,16,256,0,10,17.113312,17.107391,17.123713,0.004748,0.534791,70.586,1300,MAXN,50.8,13.2,13.2
12582912,25165824,37748736,32,32,256,0,10,9.550576,9.537536,9.569152,0.008299,0.298455,126.480,1300,MAXN,50.8,13.2,13.2
12582912,25165824,37748736,32,64,256,0,10,6.830144,6.815328,6.836448,0.005893,0.213442,176.857,1300,MAXN,50.8,13.2,13.2
12582912,25165824,37748736,32,128,256,0,10,7.225504,7.217888,7.233504,0.004724,0.225797,167.180,1300,MAXN,50.8,13.2,13.2
12582912,25165824,37748736,32,256,256,1,10,6.550272,6.544256,6.552128,0.002396,0.204696,184.414,1300,MAXN,50.8,13.2,13.2
12582912,25165824,37748736,32,512,256,0,10,6.631536,6.628640,6.636192,0.002013,0.207236,182.154,1300,MAXN,50.8,13.2,13.2
12582912,25165824,37748736,32,1024,256,1,10,6.471600,6.469152,6.474208,0.001708,0.202237,186.655,1300,MAXN,50.8,13.2,13.2
16777216,33554432,50331648,1,16,256,0,10,0.719920,0.716448,0.729312,0.003382,0.719920,69.913,1300,MAXN,50.8,13.2,13.2
16777216,33554432,50331648,1,32,256,0,10,0.400288,0.398944,0.408160,0.002513,0.400288,125.739,1300,MAXN,50.8,13.2,13.2
16777216,33554432,50331648,1,64,256,0,10,0.284464,0.283264,0.292512,0.002909,0.284464,176.935,1300,MAXN,50.8,13.2,13.2
16777216,33554432,50331648,1,128,256,0,10,0.302448,0.301152,0.306016,0.001237,0.302448,166.414,1300,MAXN,50.8,13.2,13.2
16777216,33554432,50331648,1,256,256,1,10,0.273936,0.272928,0.276576,0.000954,0.273936,183.735,1300,MAXN,50.8,13.2,13.2
16777216,33554432,50331648,1,512,256,0,10,0.277760,0.277184,0.280480,0.000946,0.277760,181.206,1300,MAXN,50.8,13.2,13.2
16777216,33554432,50331648,1,1024,256,1,10,0.271104,0.270016,0.275232,0.001333,0.271104,185.654,1300,MAXN,50.8,13.2,13.2
16777216,33554432,50331648,2,16,256,0,10,1.433376,1.430944,1.442240,0.003364,0.716688,70.228,1300,MAXN,50.8,13.2,13.2
16777216,33554432,50331648,2,32,256,0,10,0.797392,0.793920,0.804160,0.002833,0.398696,126.241,1300,MAXN,50.8,13.2,13.2
16777216,33554432,50331648,2,64,256,0,10,0.568304,0.565504,0.574016,0.002468,0.284152,177.129,1300,MAXN,50.8,13.2,13.2
16777216,33554432,50331648,2,128,256,0,10,0.601712,0.599456,0.603968,0.001483,0.300856,167.295,1300,MAXN,50.8,13.2,13.2
16777216,33554432,50331648,2,256,256,1,10,0.545392,0.542560,0.546752,0.001162,0.272696,184.571,1300,MAXN,50.8,13.2,13.2
16777216,33554432,50331648,2,512,256,0,10,0.552784,0.551520,0.554176,0.000953,0.276392,182.102,1300,MAXN,50.8,13.2,13.2
16777216,33554432,50331648,2,1024,256,1,10,0.539280,0.538208,0.542880,0.001243,0.269640,186.662,1300,MAXN,50.8,13.2,13.2
16777216,33554432,50331648,4,16,256,0,10,2.864464,2.858656,2.869024,0.003152,0.716116,70.284,1300,MAXN,50.8,13.2,13.2
16777216,33554432,50331648,4,32,256,0,10,1.591360,1.588608,1.598048,0.002785,0.397840,126.512,1300,MAXN,50.8,13.2,13.2
16777216,33554432,50331648,4,64,256,0,10,1.132576,1.130240,1.137792,0.002110,0.283144,177.760,1300,MAXN,50.8,13.2,13.2
16777216,33554432,50331648,4,128,256,0,10,1.199776,1.196000,1.202880,0.001882,0.299944,167.803,1300,MAXN,50.8,13.2,13.2
16777216,33554432,50331648,4,256,256,1,10,1.086928,1.084384,1.091296,0.002141,0.271732,185.225,1300,MAXN,50.8,13.2,13.2
16777216,33554432,50331648,4,512,256,0,10,1.102272,1.101504,1.104128,0.000664,0.275568,182.647,1300,MAXN,50.8,13.2,13.2
16777216,33554432,50331648,4,1024,256,1,10,1.074880,1.072608,1.078336,0.001557,0.268720,187.301,1300,MAXN,50.8,13.2,13.2
16777216,33554432,50331648,8,16,256,0,10,5.728000,5.719776,5.738880,0.005308,0.716000,70.296,1300,MAXN,50.8,13.2,13.2
16777216,33554432,50331648,8,32,256,0,10,3.183760,3.179104,3.188896,0.003724,0.397970,126.471,1300,MAXN,50.8,13.2,13.2
16777216,33554432,50331648,8,64,256,0,10,2.263568,2.250528,2.266336,0.004955,0.282946,177.884,1300,MAXN,50.8,13.2,13.2
16777216,33554432,50331648,8,128,256,0,10,2.394848,2.390688,2.400576,0.002674,0.299356,168.133,1300,MAXN,50.8,13.2,13.2
16777216,33554432,50331648,8,256,256,1,10,2.170768,2.168960,2.172960,0.001386,0.271346,185.489,1300,MAXN,50.8,13.2,13.2
16777216,33554432,50331648,8,512,256,0,10,2.202512,2.199200,2.205568,0.001621,0.275314,182.815,1300,MAXN,50.8,13.2,13.2
16777216,33554432,50331648,8,1024,256,1,10,2.147872,2.143776,2.150496,0.001717,0.268484,187.466,1300,MAXN,50.8,13.2,13.2
16777216,33554432,50331648,16,16,256,0,10,11.449984,11.440256,11.454880,0.004521,0.715624,70.333,1300,MAXN,50.8,13.2,13.2
16777216,33554432,50331648,16,32,256,0,10,6.356976,6.350944,6.376896,0.007178,0.397311,126.681,1300,MAXN,50.8,13.2,13.2
16777216,33554432,50331648,16,64,256,0,10,4.518416,4.513984,4.527712,0.004781,0.282401,178.228,1300,MAXN,50.8,13.2,13.2
16777216,33554432,50331648,16,128,256,0,10,4.785424,4.780800,4.789664,0.002934,0.299089,168.283,1300,MAXN,50.8,13.2,13.2
16777216,33554432,50331648,16,256,256,1,10,4.337568,4.333280,4.342464,0.002510,0.271098,185.658,1300,MAXN,50.8,13.2,13.2
16777216,33554432,50331648,16,512,256,0,10,4.401840,4.399616,4.404480,0.001402,0.275115,182.948,1300,MAXN,50.8,13.2,13.2
16777216,33554432,50331648,16,1024,256,1,10,4.292208,4.289504,4.293216,0.001056,0.268263,187.621,1300,MAXN,50.8,13.2,13.2
16777216,33554432,50331648,32,16,256,0,10,22.899504,22.884447,22.922432,0.010509,0.715609,70.334,1300,MAXN,50.8,13.2,13.2
16777216,33554432,50331648,32,32,256,0,10,12.722640,12.700160,12.735296,0.009888,0.397583,126.594,1300,MAXN,50.8,13.2,13.2
16777216,33554432,50331648,32,64,256,0,10,9.034048,9.024448,9.116032,0.025688,0.282314,178.283,1300,MAXN,50.8,13.2,13.2
16777216,33554432,50331648,32,128,256,0,10,9.569664,9.566720,9.579936,0.003546,0.299052,168.304,1300,MAXN,50.8,13.2,13.2
16777216,33554432,50331648,32,256,256,1,10,8.671232,8.666336,8.684288,0.005534,0.270976,185.742,1300,MAXN,50.8,13.2,13.2
16777216,33554432,50331648,32,512,256,0,10,8.797968,8.790624,8.802272,0.003150,0.274937,183.066,1300,MAXN,50.8,13.2,13.2
16777216,33554432,50331648,32,1024,256,1,10,8.583248,8.576640,8.597216,0.006445,0.268226,187.646,1300,MAXN,50.8,13.2,13.2
25165824,50331648,75497472,1,16,256,0,10,1.068512,1.067360,1.081472,0.003997,1.068512,70.657,1300,MAXN,50.8,13.2,13.2
25165824,50331648,75497472,1,32,256,0,10,0.593808,0.592768,0.598688,0.002206,0.593808,127.141,1300,MAXN,50.8,13.2,13.2
25165824,50331648,75497472,1,64,256,0,10,0.420656,0.416800,0.428384,0.002941,0.420656,179.476,1300,MAXN,50.8,13.2,13.2
25165824,50331648,75497472,1,128,256,0,10,0.446928,0.444640,0.450048,0.001370,0.446928,168.925,1300,MAXN,50.8,13.2,13.2
25165824,50331648,75497472,1,256,256,1,10,0.405056,0.403712,0.408896,0.001420,0.405056,186.388,1300,MAXN,50.8,13.2,13.2
25165824,50331648,75497472,1,512,256,0,10,0.411472,0.410624,0.417056,0.001848,0.411472,183.481,1300,MAXN,50.8,13.2,13.2
25165824,50331648,75497472,1,1024,256,1,10,0.402368,0.401408,0.404608,0.000919,0.402368,187.633,1300,MAXN,50.8,13.2,13.2
25165824,50331648,75497472,2,16,256,0,10,2.136608,2.131712,2.139584,0.002326,1.068304,70.670,1300,MAXN,50.8,13.2,13.2
25165824,50331648,75497472,2,32,256,0,10,1.186896,1.184256,1.194176,0.002782,0.593448,127.218,1300,MAXN,50.8,13.2,13.2
25165824,50331648,75497472,2,64,256,0,10,0.842256,0.837952,0.847232,0.002695,0.421128,179.274,1300,MAXN,50.8,13.2,13.2
25165824,50331648,75497472,2,128,256,0,10,0.892720,0.891264,0.893824,0.000687,0.446360,169.140,1300,MAXN,50.8,13.2,13.2
25165824,50331648,75497472,2,256,256,1,10,0.809008,0.807008,0.810144,0.001027,0.404504,186.642,1300,MAXN,50.8,13.2,13.2
25165824,50331648,75497472,2,512,256,0,10,0.819712,0.819136,0.822912,0.001204,0.409856,184.205,1300,MAXN,50.8,13.2,13.2
25165824,50331648,75497472,2,1024,256,1,10,0.801632,0.800480,0.802848,0.000788,0.400816,188.359,1300,MAXN,50.8,13.2,13.2
25165824,50331648,75497472,4,16,256,0,10,4.268032,4.260672,4.272864,0.003784,1.067008,70.756,1300,MAXN,50.8,13.2,13.2
25165824,50331648,75497472,4,32,256,0,10,2.371920,2.366944,2.375808,0.002754,0.592980,127.319,1300,MAXN,50.8,13.2,13.2
25165824,50331648,75497472,4,64,256,0,10,1.679888,1.675392,1.683648,0.002989,0.419972,179.768,1300,MAXN,50.8,13.2,13.2
25165824,50331648,75497472,4,128,256,0,10,1.780448,1.776544,1.783520,0.001927,0.445112,169.615,1300,MAXN,50.8,13.2,13.2
25165824,50331648,75497472,4,256,256,1,10,1.613120,1.610304,1.617504,0.002303,0.403280,187.209,1300,MAXN,50.8,13.2,13.2
25165824,50331648,75497472,4,512,256,0,10,1.636528,1.635264,1.640576,0.001437,0.409132,184.531,1300,MAXN,50.8,13.2,13.2
25165824,50331648,75497472,4,1024,256,1,10,1.600016,1.597632,1.603488,0.001606,0.400004,188.742,1300,MAXN,50.8,13.2,13.2
25165824,50331648,75497472,8,16,256,0,10,8.529072,8.514048,8.535808,0.005732,1.066134,70.814,1300,MAXN,50.8,13.2,13.2
25165824,50331648,75497472,8,32,256,0,10,4.736912,4.727776,4.748928,0.005800,0.592114,127.505,1300,MAXN,50.8,13.2,13.2
25165824,50331648,75497472,8,64,256,0,10,3.350208,3.342240,3.363392,0.005289,0.418776,180.281,1300,MAXN,50.8,13.2,13.2
25165824,50331648,75497472,8,128,256,0,10,3.556704,3.553568,3.562944,0.002954,0.444588,169.814,1300,MAXN,50.8,13.2,13.2
25165824,50331648,75497472,8,256,256,1,10,3.223392,3.218208,3.229632,0.003229,0.402924,187.374,1300,MAXN,50.8,13.2,13.2
25165824,50331648,75497472,8,512,256,0,10,3.269856,3.267552,3.273280,0.001633,0.408732,184.711,1300,MAXN,50.8,13.2,13.2
25165824,50331648,75497472,8,1024,256,1,10,3.195936,3.193792,3.197632,0.001035,0.399492,188.984,1300,MAXN,50.8,13.2,13.2
25165824,50331648,75497472,16,16,256,0,10,17.065248,17.051231,17.083584,0.009265,1.066578,70.785,1300,MAXN,50.8,13.2,13.2
25165824,50331648,75497472,16,32,256,0,10,9.473664,9.456640,9.483840,0.008099,0.592104,127.507,1300,MAXN,50.8,13.2,13.2
25165824,50331648,75497472,16,64,256,0,10,6.698016,6.688832,6.710656,0.006877,0.418626,180.346,1300,MAXN,50.8,13.2,13.2
25165824,50331648,75497472,16,128,256,0,10,7.111136,7.107072,7.136896,0.008324,0.444446,169.869,1300,MAXN,50.8,13.2,13.2
25165824,50331648,75497472,16,256,256,1,10,6.443376,6.438880,6.502240,0.019820,0.402711,187.473,1300,MAXN,50.8,13.2,13.2
25165824,50331648,75497472,16,512,256,0,10,6.536624,6.532896,6.542720,0.003027,0.408539,184.799,1300,MAXN,50.8,13.2,13.2
25165824,50331648,75497472,16,1024,256,1,10,6.388848,6.385632,6.391808,0.001914,0.399303,189.073,1300,MAXN,50.8,13.2,13.2
25165824,50331648,75497472,32,16,256,0,10,34.114273,34.097279,34.149376,0.015819,1.066071,70.818,1300,MAXN,50.8,13.2,13.2
25165824,50331648,75497472,32,32,256,0,10,18.936864,18.917856,18.947489,0.008102,0.591777,127.578,1300,MAXN,50.8,13.2,13.2
25165824,50331648,75497472,32,64,256,0,10,13.390976,13.368096,13.412704,0.012861,0.418468,180.414,1300,MAXN,50.8,13.2,13.2
25165824,50331648,75497472,32,128,256,0,10,14.222544,14.212736,14.237472,0.006542,0.444455,169.865,1300,MAXN,50.8,13.2,13.2
25165824,50331648,75497472,32,256,256,1,10,12.878560,12.873312,12.903008,0.008124,0.402455,187.592,1300,MAXN,50.8,13.2,13.2
25165824,50331648,75497472,32,512,256,0,10,13.066464,13.060576,13.076256,0.003891,0.408327,184.895,1300,MAXN,50.8,13.2,13.2
25165824,50331648,75497472,32,1024,256,1,10,12.775728,12.770048,12.782272,0.003858,0.399241,189.102,1300,MAXN,50.8,13.2,13.2
50331648,100663296,150994944,1,16,256,0,10,2.127888,2.121632,2.140896,0.005154,2.127888,70.960,1300,MAXN,50.8,13.2,13.2
50331648,100663296,150994944,1,32,256,0,10,1.178064,1.173344,1.184096,0.003248,1.178064,128.172,1300,MAXN,50.8,13.2,13.2
50331648,100663296,150994944,1,64,256,0,10,0.830064,0.826464,0.838944,0.004152,0.830064,181.908,1300,MAXN,50.8,13.2,13.2
50331648,100663296,150994944,1,128,256,0,10,0.885552,0.883456,0.889888,0.001643,0.885552,170.509,1300,MAXN,50.8,13.2,13.2
50331648,100663296,150994944,1,256,256,1,10,0.799152,0.797760,0.801344,0.001039,0.799152,188.944,1300,MAXN,50.8,13.2,13.2
50331648,100663296,150994944,1,512,256,0,10,0.812736,0.811616,0.816224,0.001225,0.812736,185.786,1300,MAXN,50.8,13.2,13.2
50331648,100663296,150994944,1,1024,256,1,10,0.793392,0.792672,0.796064,0.001091,0.793392,190.316,1300,MAXN,50.8,13.2,13.2
50331648,100663296,150994944,2,16,256,0,10,4.248848,4.244672,4.259840,0.003890,2.124424,71.076,1300,MAXN,50.8,13.2,13.2
50331648,100663296,150994944,2,32,256,0,10,2.358048,2.344864,2.365408,0.006736,1.179024,128.068,1300,MAXN,50.8,13.2,13.2
50331648,100663296,150994944,2,64,256,0,10,1.659328,1.651168,1.663648,0.004358,0.829664,181.995,1300,MAXN,50.8,13.2,13.2
50331648,100663296,150994944,2,128,256,0,10,1.765568,1.761856,1.770848,0.002541,0.882784,171.044,1300,MAXN,50.8,13.2,13.2
50331648,100663296,150994944,2,256,256,1,10,1.593808,1.591648,1.602144,0.003112,0.796904,189.477,1300,MAXN,50.8,13.2,13.2
50331648,100663296,150994944,2,512,256,0,10,1.621472,1.620224,1.626336,0.001696,0.810736,186.244,1300,MAXN,50.8,13.2,13.2
50331648,100663296,150994944,2,1024,256,1,10,1.584112,1.581696,1.588512,0.001838,0.792056,190.637,1300,MAXN,50.8,13.2,13.2
50331648,100663296,150994944,4,16,256,0,10,8.490048,8.478432,8.498496,0.006486,2.122512,71.140,1300,MAXN,50.8,13.2,13.2
50331648,100663296,150994944,4,32,256,0,10,4.711344,4.693664,4.719168,0.007435,1.177836,128.197,1300,MAXN,50.8,13.2,13.2
50331648,100663296,150994944,4,64,256,0,10,3.312272,3.295584,3.315552,0.006267,0.828068,182.346,1300,MAXN,50.8,13.2,13.2
50331648,100663296,150994944,4,128,256,0,10,3.530496,3.524992,3.536384,0.002974,0.882624,171.075,1300,MAXN,50.8,13.2,13.2
50331648,100663296,150994944,4,256,256,1,10,3.187808,3.182848,3.191968,0.002753,0.796952,189.466,1300,MAXN,50.8,13.2,13.2
50331648,100663296,150994944,4,512,256,0,10,3.241280,3.238848,3.242272,0.000972,0.810320,186.340,1300,MAXN,50.8,13.2,13.2
50331648,100663296,150994944,4,1024,256,1,10,3.165072,3.162976,3.199136,0.010351,0.791268,190.827,1300,MAXN,50.8,13.2,13.2
50331648,100663296,150994944,8,16,256,0,10,16.979919,16.969408,17.003616,0.009660,2.122490,71.140,1300,MAXN,50.8,13.2,13.2
50331648,100663296,150994944,8,32,256,0,10,9.407024,9.395360,9.426432,0.008761,1.175878,128.410,1300,MAXN,50.8,13.2,13.2
50331648,100663296,150994944,8,64,256,0,10,6.612288,6.598944,6.621408,0.007162,0.826536,182.684,1300,MAXN,50.8,13.2,13.2
50331648,100663296,150994944,8,128,256,0,10,7.054496,7.047296,7.063808,0.004876,0.881812,171.233,1300,MAXN,50.8,13.2,13.2
50331648,100663296,150994944,8,256,256,1,10,6.372336,6.368544,6.378080,0.002456,0.796542,189.563,1300,MAXN,50.8,13.2,13.2
50331648,100663296,150994944,8,512,256,0,10,6.479360,6.475168,6.481600,0.001967,0.809920,186.432,1300,MAXN,50.8,13.2,13.2
50331648,100663296,150994944,8,1024,256,1,10,6.327088,6.324000,6.330944,0.002024,0.790886,190.919,1300,MAXN,50.8,13.2,13.2
50331648,100663296,150994944,16,16,256,0,10,33.957487,33.934879,33.988255,0.014618,2.122343,71.145,1300,MAXN,50.8,13.2,13.2
50331648,100663296,150994944,16,32,256,0,10,18.826992,18.813343,18.847937,0.010344,1.176687,128.322,1300,MAXN,50.8,13.2,13.2
50331648,100663296,150994944,16,64,256,0,10,13.225712,13.208864,13.255456,0.013222,0.826607,182.668,1300,MAXN,50.8,13.2,13.2
50331648,100663296,150994944,16,128,256,0,10,14.116096,14.105952,14.119136,0.004707,0.882256,171.146,1300,MAXN,50.8,13.2,13.2
50331648,100663296,150994944,16,256,256,1,10,12.743472,12.733792,12.750176,0.005605,0.796467,189.581,1300,MAXN,50.8,13.2,13.2
50331648,100663296,150994944,16,512,256,0,10,12.954256,12.950592,12.962720,0.003161,0.809641,186.496,1300,MAXN,50.8,13.2,13.2
50331648,100663296,150994944,16,1024,256,1,10,12.644928,12.640192,12.652256,0.002941,0.790308,191.058,1300,MAXN,50.8,13.2,13.2
50331648,100663296,150994944,32,16,256,0,10,67.914898,67.872833,67.936798,0.022819,2.122341,71.145,1300,MAXN,50.8,13.2,13.2
50331648,100663296,150994944,32,32,256,0,10,37.640575,37.618431,37.666912,0.015159,1.176268,128.368,1300,MAXN,50.8,13.2,13.2
50331648,100663296,150994944,32,64,256,0,10,26.438384,26.408607,26.468737,0.019113,0.826200,182.758,1300,MAXN,50.8,13.2,13.2
50331648,100663296,150994944,32,128,256,0,10,28.216384,28.203487,28.230911,0.009340,0.881762,171.242,1300,MAXN,50.8,13.2,13.2
50331648,100663296,150994944,32,256,256,1,10,25.479952,25.470272,25.483360,0.004201,0.796248,189.633,1300,MAXN,50.8,13.2,13.2
50331648,100663296,150994944,32,512,256,0,10,25.901711,25.892672,25.911200,0.005424,0.809428,186.545,1300,MAXN,50.8,13.2,13.2
50331648,100663296,150994944,32,1024,256,1,10,25.289632,25.281313,25.306273,0.006873,0.790301,191.060,1300,MAXN,50.8,13.2,13.2
100663296,201326592,301989888,1,16,256,0,10,4.964048,4.962560,4.967008,0.001602,4.964048,60.835,1300,MAXN,50.8,13.2,13.2
100663296,201326592,301989888,1,32,256,0,10,3.058368,3.055968,3.066464,0.002958,3.058368,98.742,1300,MAXN,50.8,13.2,13.2
100663296,201326592,301989888,1,64,256,0,10,2.250720,2.238176,2.264384,0.010312,2.250720,134.175,1300,MAXN,50.8,13.2,13.2
100663296,201326592,301989888,1,128,256,0,10,1.991376,1.986720,1.997536,0.003785,1.991376,151.649,1300,MAXN,50.8,13.2,13.2
100663296,201326592,301989888,1,256,256,0,10,1.749952,1.747136,1.753408,0.001630,1.749952,172.570,1300,MAXN,50.8,13.2,13.2
100663296,201326592,301989888,1,512,256,0,10,1.727456,1.721376,1.731264,0.002707,1.727456,174.818,1300,MAXN,50.8,13.2,13.2
100663296,201326592,301989888,1,1024,256,1,10,1.685600,1.679936,1.695072,0.003936,1.685600,179.159,1300,MAXN,50.8,13.2,13.2
100663296,201326592,301989888,2,16,256,0,10,9.928272,9.922496,9.931968,0.002814,4.964136,60.834,1300,MAXN,50.8,13.2,13.2
100663296,201326592,301989888,2,32,256,0,10,6.114304,6.110592,6.119104,0.002491,3.057152,98.781,1300,MAXN,50.8,13.2,13.2
100663296,201326592,301989888,2,64,256,0,10,4.499024,4.492064,4.509376,0.005476,2.249512,134.247,1300,MAXN,50.8,13.2,13.2
100663296,201326592,301989888,2,128,256,0,10,3.982160,3.974144,3.988864,0.005065,1.991080,151.671,1300,MAXN,50.8,13.2,13.2
100663296,201326592,301989888,2,256,256,0,10,3.496848,3.483008,3.503424,0.006589,1.748424,172.721,1300,MAXN,50.8,13.2,13.2
100663296,201326592,301989888,2,512,256,0,10,3.451616,3.442528,3.461088,0.005797,1.725808,174.985,1300,MAXN,50.8,13.2,13.2
100663296,201326592,301989888,2,1024,256,1,10,3.364016,3.352512,3.372224,0.005965,1.682008,179.541,1300,MAXN,50.8,13.2,13.2
100663296,201326592,301989888,4,16,256,0,10,19.849264,19.844704,19.854464,0.003358,4.962316,60.857,1300,MAXN,50.8,13.2,13.2
100663296,201326592,301989888,4,32,256,0,10,12.224384,12.213824,12.233568,0.005933,3.056096,98.816,1300,MAXN,50.8,13.2,13.2
100663296,201326592,301989888,4,64,256,0,10,8.998544,8.988096,9.017536,0.008913,2.249636,134.239,1300,MAXN,50.8,13.2,13.2
100663296,201326592,301989888,4,128,256,0,10,7.953936,7.946176,7.967776,0.005888,1.988484,151.869,1300,MAXN,50.8,13.2,13.2
100663296,201326592,301989888,4,256,256,0,10,6.986608,6.966464,6.993536,0.008963,1.746652,172.896,1300,MAXN,50.8,13.2,13.2
100663296,201326592,301989888,4,512,256,0,10,6.893968,6.875968,6.920416,0.010889,1.723492,175.220,1300,MAXN,50.8,13.2,13.2
100663296,201326592,301989888,4,1024,256,1,10,6.721936,6.702944,6.734400,0.010674,1.680484,179.704,1300,MAXN,50.8,13.2,13.2
100663296,201326592,301989888,8,16,256,0,10,39.698801,39.687103,39.703423,0.005146,4.962350,60.856,1300,MAXN,50.8,13.2,13.2
100663296,201326592,301989888,8,32,256,0,10,24.446337,24.439968,24.462849,0.005937,3.055792,98.825,1300,MAXN,50.8,13.2,13.2
100663296,201326592,301989888,8,64,256,0,10,17.992640,17.975519,18.001568,0.008375,2.249080,134.273,1300,MAXN,50.8,13.2,13.2
100663296,201326592,301989888,8,128,256,0,10,15.909424,15.889376,15.929888,0.011977,1.988678,151.855,1300,MAXN,50.8,13.2,13.2
100663296,201326592,301989888,8,256,256,0,10,13.970224,13.946208,13.989792,0.014500,1.746278,172.933,1300,MAXN,50.8,13.2,13.2
100663296,201326592,301989888,8,512,256,0,10,13.794320,13.752544,13.809248,0.014977,1.724290,175.139,1300,MAXN,50.8,13.2,13.2
100663296,201326592,301989888,8,1024,256,1,10,13.455344,13.438880,13.462176,0.007174,1.681918,179.551,1300,MAXN,50.8,13.2,13.2
100663296,201326592,301989888,16,16,256,0,10,79.388302,79.376289,79.397667,0.005763,4.961769,60.863,1300,MAXN,50.8,13.2,13.2
100663296,201326592,301989888,16,32,256,0,10,48.895552,48.874306,48.905762,0.008476,3.055972,98.820,1300,MAXN,50.8,13.2,13.2
100663296,201326592,301989888,16,64,256,0,10,35.970816,35.947071,35.995838,0.016500,2.248176,134.327,1300,MAXN,50.8,13.2,13.2
100663296,201326592,301989888,16,128,256,0,10,31.809168,31.774784,31.832735,0.014404,1.988073,151.901,1300,MAXN,50.8,13.2,13.2
100663296,201326592,301989888,16,256,256,0,10,27.929248,27.897663,27.963552,0.018635,1.745578,173.003,1300,MAXN,50.8,13.2,13.2
100663296,201326592,301989888,16,512,256,0,10,27.576961,27.550816,27.603359,0.015881,1.723560,175.213,1300,MAXN,50.8,13.2,13.2
100663296,201326592,301989888,16,1024,256,1,10,26.879745,26.866337,26.936384,0.020015,1.679984,179.758,1300,MAXN,50.8,13.2,13.2
100663296,201326592,301989888,32,16,256,0,10,158.772156,158.762695,158.781372,0.006582,4.961630,60.865,1300,MAXN,50.8,13.2,13.2
100663296,201326592,301989888,32,32,256,0,10,97.779552,97.760513,97.795265,0.011809,3.055611,98.831,1300,MAXN,50.8,13.2,13.2
100663296,201326592,301989888,32,64,256,0,10,71.975632,71.911133,71.998817,0.030425,2.249238,134.263,1300,MAXN,50.8,13.2,13.2
100663296,201326592,301989888,32,128,256,0,10,63.646704,63.599167,63.680096,0.019584,1.988959,151.833,1300,MAXN,50.8,13.2,13.2
100663296,201326592,301989888,32,256,256,0,10,55.841297,55.821823,55.875263,0.014449,1.745041,173.056,1300,MAXN,50.8,13.2,13.2
100663296,201326592,301989888,32,512,256,0,10,55.160015,55.123104,55.195969,0.019593,1.723750,175.194,1300,MAXN,50.8,13.2,13.2
100663296,201326592,301989888,32,1024,256,1,10,53.764496,53.717342,53.792160,0.021515,1.680140,179.741,1300,MAXN,50.8,13.2,13.2
